TIME,ICCID,Modem_Name,Status,ctdDataUsage
2026-02-19 05:00:18,89011702274410157070,WABU,ACTIVATED,0
2026-02-19 05:00:21,89011702274410157088,WABC,ACTIVATED,0
2026-02-19 05:00:25,89011702274410157096,CAVC,ACTIVATED,140590080
2026-02-19 05:00:29,89011702274410157104,CASM,ACTIVATED,0
2026-02-19 05:00:32,89011702274410157112,CARD,ACTIVATED,0
2026-02-19 05:00:36,89011702274410157120,CAMT,ACTIVATED,0
2026-02-19 05:00:39,89011702274410157138,CAAB,ACTIVATED,0
2026-02-19 05:00:43,89011702274410157146,ORKF,ACTIVATED,2098176
2026-02-19 05:00:47,89011702274410157153,ORBD,ACTIVATED,0
2026-02-19 05:00:50,89011702274410157161,ORMS,ACTIVATED,0
2026-02-19 05:00:54,89011702274410157179,WAYK,ACTIVATED,0
2026-02-19 05:00:57,89011702274410157187,WAWN,ACTIVATED,0
2026-02-19 05:01:01,89011702274410157195,MAX1,ACTIVATED,0
2026-02-19 05:01:05,89011702274410157203,NVRN,ACTIVATED,0
2026-02-19 05:01:09,89011702274410157211,STHE,ACTIVATED,0
2026-02-19 05:01:13,89011702274410157229,OREU,ACTIVATED,0
2026-02-19 05:01:17,89011702274410157237,WASP,ACTIVATED,92324864
2026-02-19 05:01:20,89011702274410157245,IDPY,ACTIVATED,0
2026-02-19 05:01:24,89011702274410157252,ORUG,ACTIVATED,2098176
2026-02-19 05:01:28,89011702274410157260,ORHG,ACTIVATED,2098176
2026-02-19 05:01:31,89011702274410157484,GATY,ACTIVATED,0
2026-02-19 05:01:35,89011703274044237362,ILDC,ACTIVATED,0
2026-02-19 05:01:38,89011703274044237396,IDGV,ACTIVATED,0
2026-02-19 05:01:42,89011703274044237404,IDMH,ACTIVATED,58750976
2026-02-19 05:01:45,89011703274044237420,PATS,ACTIVATED,2098176
2026-02-19 05:01:49,89011703274044237438,NHCD,ACTIVATED,134294528
2026-02-19 05:01:52,89011703274044237446,ILCY,ACTIVATED,0
2026-02-19 05:01:56,89011703274044237453,CARM,ACTIVATED,0
2026-02-19 05:01:59,89011703274044237511,TWFD,ACTIVATED,2098176
2026-02-19 05:02:03,89011703274044237529,LABC,ACTIVATED,0
2026-02-19 05:02:07,89011703274044237537,TSHK,ACTIVATED,2098176
2026-02-19 05:02:11,89011703274044237685,ILBG,ACTIVATED,0
2026-02-19 05:02:15,89011703274044237701,ILKX,ACTIVATED,0
2026-02-19 05:02:19,89011703274044237719,TACN,ACTIVATED,2098176
2026-02-19 05:02:22,89011703274044237735,TBRM,ACTIVATED,2098176
2026-02-19 05:02:26,89011703274044237743,TPKG,ACTIVATED,0
2026-02-19 05:02:29,89011703274044237750,MXMY,ACTIVATED,0
2026-02-19 05:02:33,89011703274044237784,THMN,ACTIVATED,0
2026-02-19 05:02:36,89011703274044237792,TMIL,ACTIVATED,0
2026-02-19 05:02:40,89011703274044237800,GAJS,ACTIVATED,0
2026-02-19 05:02:43,89011703274044237818,QCB0,ACTIVATED,0
2026-02-19 05:02:47,89011703274044237826,INBG,ACTIVATED,132197376
2026-02-19 05:02:50,89011703274044237834,LAMN,ACTIVATED,0
2026-02-19 05:02:54,89011703274044237859,TBRA,ACTIVATED,2098176
2026-02-19 05:02:57,89011703274044237875,MXCA,ACTIVATED,1016832
2026-02-19 05:03:01,89011703274044237909,MXSC,ACTIVATED,2098176
2026-02-19 05:03:05,89011703274044237917,TAMR,ACTIVATED,2098176
2026-02-19 05:03:09,89011703274044237925,WADH,ACTIVATED,0
2026-02-19 05:03:12,89011703274044237933,KINC,ACTIVATED,2098176
2026-02-19 05:03:16,89011703274044237941,ILWA,ACTIVATED,2098176
2026-02-19 05:03:20,89011703274044237958,GAAV,ACTIVATED,2098176
2026-02-19 05:03:23,89011703274044802389,PACN,ACTIVATED,2098176
2026-02-19 05:03:27,89011703274044802413,PAFV,ACTIVATED,2098176
2026-02-19 05:03:30,89011703274044802421,INNW,ACTIVATED,0
2026-02-19 05:03:34,89011703274044802439,IDRY,ACTIVATED,144783360
2026-02-19 05:03:37,89011703274044802447,PAMG,ACTIVATED,2098176
2026-02-19 05:03:41,89011703274044802454,NJEH,ACTIVATED,0
2026-02-19 05:03:44,89011703274044803460,ILLV,ACTIVATED,2098176
2026-02-19 05:03:48,89011703274044803478,INKO,ACTIVATED,0
2026-02-19 05:03:51,89011703274044803486,INNP,ACTIVATED,0
2026-02-19 05:03:55,89011703274044803494,MECH,ACTIVATED,0
2026-02-19 05:03:58,89011703274044803502,INAV,ACTIVATED,2098176
2026-02-19 05:04:02,89011703274044803510,INMN,ACTIVATED,0
2026-02-19 05:04:06,89011703274044803536,INGD,ACTIVATED,0
2026-02-19 05:04:10,89011703274044803544,ININ,ACTIVATED,0
2026-02-19 05:04:14,89011703274044803569,INDM,ACTIVATED,2098176
2026-02-19 05:04:18,89011703274044803577,ILTP,ACTIVATED,0
2026-02-19 05:04:21,89011703274044803593,ILSN,ACTIVATED,0
2026-02-19 05:04:25,89011703274044803601,INCT,ACTIVATED,0
2026-02-19 05:04:28,89011703274044803619,ILRI,ACTIVATED,0
2026-02-19 05:04:32,89011703274044803627,ILVD,ACTIVATED,2098176
2026-02-19 05:04:35,89011703274044803635,MASP,ACTIVATED,2098176
2026-02-19 05:04:39,89011703274044803643,MDAN,ACTIVATED,0
2026-02-19 05:04:42,89011703274044803650,ILRC,ACTIVATED,0
2026-02-19 05:04:46,89011703274044803676,CTNH,ACTIVATED,2098176
2026-02-19 05:04:49,89011703274044803684,CTWT,ACTIVATED,2098176
2026-02-19 05:04:53,89011703274044803692,ILDK,ACTIVATED,0
2026-02-19 05:04:56,89011703274044803700,CTWF,ACTIVATED,2098176
2026-02-19 05:05:00,89011703274044803718,IDWR,ACTIVATED,0
2026-02-19 05:05:04,89011703274044803726,INWN,ACTIVATED,0
2026-02-19 05:05:08,89011703274044803742,IDBS,ACTIVATED,2098176
2026-02-19 05:05:12,89011703274044803759,IDSY,ACTIVATED,0
2026-02-19 05:05:15,89011703274044803767,ILDV,ACTIVATED,0
2026-02-19 05:05:19,89011703274044803775,ILDP,ACTIVATED,0
2026-02-19 05:05:23,89011703274044803783,CTOX,ACTIVATED,2098176
2026-02-19 05:05:26,89011703274044803791,CTHF,ACTIVATED,0
2026-02-19 05:05:30,89011703274044803809,ILCS,ACTIVATED,54555648
2026-02-19 05:05:33,89011703274044803817,IDNP,ACTIVATED,2098176
2026-02-19 05:05:37,89011703274044803825,IDPR,ACTIVATED,0
2026-02-19 05:05:40,89011703274044803833,IDDK,ACTIVATED,142683136
2026-02-19 05:05:44,89011703274044803841,IDAN,ACTIVATED,0
2026-02-19 05:05:47,89011703274044803890,KSKC,ACTIVATED,0
2026-02-19 05:05:51,89011703274044803908,ILPN,ACTIVATED,0
2026-02-19 05:05:54,89011703274044803916,ILGB,ACTIVATED,2098176
2026-02-19 05:05:58,89011703274044803924,IDTN,ACTIVATED,0
2026-02-19 05:06:01,89011703274044803932,IDBR,ACTIVATED,0
2026-02-19 05:06:05,89011703274044803940,IDCW,ACTIVATED,0
2026-02-19 05:06:09,89011703274044803957,IDRT,ACTIVATED,2098176
2026-02-19 05:06:13,89011703274291052308,TAMW,ACTIVATED,0
2026-02-19 05:06:17,89011703274303619904,MUUR,ACTIVATED,2098176
2026-02-19 05:06:20,89011703274303620068,WYPD,ACTIVATED,0
2026-02-19 05:06:24,89011703274303620076,PACP,ACTIVATED,117502976
2026-02-19 05:06:28,89011703274303620167,MABL,ACTIVATED,2098176
2026-02-19 05:06:31,89011703274303620175,MAYP,ACTIVATED,2098176
2026-02-19 05:06:35,89011703274303620688,TNUM,ACTIVATED,0
2026-02-19 05:06:38,89011703274303620696,TPCB,ACTIVATED,65053696
2026-02-19 05:06:42,89011703274303620738,PACK,ACTIVATED,0
2026-02-19 05:06:45,89011703274303620746,CAPE,ACTIVATED,169960448
2026-02-19 05:06:49,89011703274303620753,FLWN,ACTIVATED,46162944
2026-02-19 05:06:53,89011703274303620761,ORHN,ACTIVATED,0
2026-02-19 05:06:56,89011703274303620779,WASS,ACTIVATED,266492928
2026-02-19 05:07:00,89011703274303620787,TSTT,ACTIVATED,0
2026-02-19 05:07:03,89011703274303620795,TMIV,ACTIVATED,69243904
2026-02-19 05:07:07,89011703274303620803,TWNH,ACTIVATED,2098176
2026-02-19 05:07:11,89011703274303620811,TNOL,ACTIVATED,2098176
2026-02-19 05:07:15,89011703274303620829,TWSK,ACTIVATED,207735808
2026-02-19 05:07:19,89011703274303620928,TXRN,ACTIVATED,0
2026-02-19 05:07:22,89011703274303620936,CARO,ACTIVATED,0
2026-02-19 05:07:26,89011703274303621009,FLBO,ACTIVATED,0
2026-02-19 05:07:29,89011703274303621025,TGPH,ACTIVATED,0
2026-02-19 05:07:33,89011703274303621041,FLPM,ACTIVATED,0
2026-02-19 05:07:36,89011703274303621074,MASC,ACTIVATED,0
2026-02-19 05:07:40,89011703274303621082,TCLD,ACTIVATED,0
2026-02-19 05:07:43,89011703274303621132,TDUN,ACTIVATED,65049600
2026-02-19 05:07:47,89011703274303621140,CAPB,ACTIVATED,2098176
2026-02-19 05:07:50,89011703274303621199,IDSV,ACTIVATED,0
2026-02-19 05:07:54,89011703274303621223,PAHG,ACTIVATED,0
2026-02-19 05:07:57,89011703274303621231,FLVN,ACTIVATED,0
2026-02-19 05:08:01,89011703274303621272,BARR,ACTIVATED,0
2026-02-19 05:08:05,89011703274303621280,TWLT,ACTIVATED,62949376
2026-02-19 05:08:09,89011703274303621314,TCTH,ACTIVATED,0
2026-02-19 05:08:12,89011703274303621322,FLTS,ACTIVATED,2098176
2026-02-19 05:08:16,89011703274303621330,TXDS,ACTIVATED,0
2026-02-19 05:08:20,89011703274303621348,TXV1,ACTIVATED,0
2026-02-19 05:08:23,89011703274303621355,TXBD,ACTIVATED,0
2026-02-19 05:08:27,89011703274303621363,TXAS,ACTIVATED,0
2026-02-19 05:08:30,89011703274303621371,TXSF,ACTIVATED,0
2026-02-19 05:08:34,89011703274306259302,PAUT,ACTIVATED,2098176
2026-02-19 05:08:37,89011703274306259310,PANW,ACTIVATED,2098176
2026-02-19 05:08:41,89011703274306259328,PAWD,ACTIVATED,0
2026-02-19 05:08:44,89011703274306259369,IDFH,ACTIVATED,2098176
2026-02-19 05:08:48,89011703274306259377,PAAN,ACTIVATED,0
2026-02-19 05:08:51,89011703274306259427,SCOTT_TEST,ACTIVATED,0
2026-02-19 05:08:55,89011703274306259435,ILOT,ACTIVATED,0
2026-02-19 05:08:58,89011703274306259443,PABV,ACTIVATED,2098176
2026-02-19 05:09:02,89011703274306259450,MAWO,ACTIVATED,2098176
2026-02-19 05:09:06,89011703274306259468,OSHA,ACTIVATED,161573888
2026-02-19 05:09:10,89011703274306260284,NEP5,ACTIVATED,0
2026-02-19 05:09:14,89011703274306260292,EAS5,INVENTORY,0
2026-02-19 05:09:18,89011703274306260300,IAIN,ACTIVATED,2098176
2026-02-19 05:09:21,89011703274306260326,TCRL,ACTIVATED,0
2026-02-19 05:09:25,89011703274306260334,TESX,ACTIVATED,159473664
2026-02-19 05:09:28,89011703274306260342,TMRL,ACTIVATED,0
2026-02-19 05:09:32,89011703274306260359,TCHT,ACTIVATED,0
2026-02-19 05:09:35,89011703274306260367,TLMG,ACTIVATED,0
2026-02-19 05:09:39,89011703274306260375,THAR,ACTIVATED,0
2026-02-19 05:09:42,89011703274306260391,TTRN,ACTIVATED,0
2026-02-19 05:09:46,89011703274306260409,ILMC,ACTIVATED,0
2026-02-19 05:09:49,89011703274306260417,ILRW,ACTIVATED,0
2026-02-19 05:09:53,89011703274306260433,TPRT,ACTIVATED,2098176
2026-02-19 05:09:56,89011703274306260441,CASO,ACTIVATED,0
2026-02-19 05:10:00,89011703274306260466,WIFA,ACTIVATED,0
2026-02-19 05:10:04,89011703274306260474,CAMC,ACTIVATED,249702400
2026-02-19 05:10:08,89011703274306260482,NFGF,ACTIVATED,2098176
2026-02-19 05:10:12,89011703274306260490,TCRN,ACTIVATED,132198400
2026-02-19 05:10:15,89011703274306260508,TSCB,ACTIVATED,0
2026-02-19 05:10:19,89011703274306260516,TUXB,ACTIVATED,0
2026-02-19 05:10:23,89011703274306260524,TBOW,ACTIVATED,0
2026-02-19 05:10:26,89011703274306260532,TRIT,INVENTORY,0
2026-02-19 05:10:30,89011703274306260540,GAFP,ACTIVATED,144786432
2026-02-19 05:10:33,89011703274306260557,GAWA,ACTIVATED,2098176
2026-02-19 05:10:37,89011703274306260565,TTEC,ACTIVATED,0
2026-02-19 05:10:40,89011703274306260573,MSSL,ACTIVATED,0
2026-02-19 05:10:44,89011703274306260581,INIS,ACTIVATED,0
2026-02-19 05:10:47,89011703274306260599,INFT,ACTIVATED,0
2026-02-19 05:10:51,89011703274306260607,NFTY,ACTIVATED,2098176
2026-02-19 05:10:54,89011703274306260615,KYSL,ACTIVATED,0
2026-02-19 05:10:58,89011703274306260623,WAML,ACTIVATED,2098176
2026-02-19 05:11:01,89011703274306260631,MISW,ACTIVATED,2098176
2026-02-19 05:11:05,89011703274306260649,MITV,ACTIVATED,0
2026-02-19 05:11:09,89011703274306260664,MIGR,ACTIVATED,0
2026-02-19 05:11:13,89011703274306260672,KYLV,ACTIVATED,0
2026-02-19 05:11:17,89011703274306260680,MIWN,ACTIVATED,0
2026-02-19 05:11:21,89011703274306260698,FLML,ACTIVATED,0
2026-02-19 05:11:24,89011703274306260706,FLPD,ACTIVATED,0
2026-02-19 05:11:28,89011703274306260714,FLPV,ACTIVATED,0
2026-02-19 05:11:31,89011703274306260730,AZHV,ACTIVATED,873472
2026-02-19 05:11:35,89011703274306260755,ORPL,ACTIVATED,2098176
2026-02-19 05:11:38,89011703274306260763,TXKN,ACTIVATED,0
2026-02-19 05:11:42,89011703274306260771,MOWN,ACTIVATED,0
2026-02-19 05:11:46,89011703278777933097,CATY,ACTIVATED,151080960
2026-02-19 05:11:49,89011703278778020142,ORWV,ACTIVATED,0
2026-02-19 05:11:52,89011703278778198195,CAAL,ACTIVATED,119599104
2026-02-19 05:11:56,89011703274291052357,IVAL,ACTIVATED,39869440
2026-02-19 05:12:00,89011702274315571912,ILLK,ACTIVATED,140590080
2026-02-19 05:12:03,89011702274410155280,Macon Rover,ACTIVATED,0
2026-02-19 05:12:07,89011702274410155330,GAMA,ACTIVATED,0
2026-02-19 05:12:11,89011702274410155348,GAMH,ACTIVATED,0
2026-02-19 05:12:15,89011703274303620837,VALN,ACTIVATED,2098176
2026-02-19 05:12:19,89011703274303620878,VAAX,ACTIVATED,0
2026-02-19 05:12:22,89011702274410155355,GATC,ACTIVATED,2098176
2026-02-19 05:12:26,89011702274410155363,GAMS,ACTIVATED,0
2026-02-19 05:12:29,89011702274410155371,GADN,ACTIVATED,0
2026-02-19 05:12:33,89011702274410155389,GADV,ACTIVATED,0
2026-02-19 05:12:36,89011702274410156551,ILEF,ACTIVATED,146888704
2026-02-19 05:12:40,89011702274410156577,IDJM,ACTIVATED,0
2026-02-19 05:12:44,89011702274410156890,GAWB,ACTIVATED,142690304
2026-02-19 05:12:47,89011702274410156908,GAST,ACTIVATED,228716544
2026-02-19 05:12:51,89011702274410157005,GAMO,ACTIVATED,0
2026-02-19 08:29:54,89011702274410157013,WATC,ACTIVATED,0
2026-02-19 08:29:58,89011702274410157021,WAKN,ACTIVATED,190945280
2026-02-19 08:30:01,89011702274410157039,WAMV,ACTIVATED,0
2026-02-20 05:00:17,89011702274410157104,CASM,ACTIVATED,2048
2026-02-20 05:00:21,89011702274410157112,CARD,ACTIVATED,0
2026-02-20 05:00:25,89011702274410157120,CAMT,ACTIVATED,0
2026-02-20 05:00:28,89011702274410157138,CAAB,ACTIVATED,0
2026-02-20 05:00:32,89011702274410157146,ORKF,ACTIVATED,6294528
2026-02-20 05:00:36,89011702274410157153,ORBD,ACTIVATED,2098176
2026-02-20 05:00:39,89011702274410157161,ORMS,ACTIVATED,0
2026-02-20 05:00:43,89011702274410157179,WAYK,ACTIVATED,4196352
2026-02-20 05:00:46,89011702274410157187,WAWN,ACTIVATED,2098176
2026-02-20 05:00:50,89011702274410157195,MAX1,ACTIVATED,0
2026-02-20 05:00:53,89011702274410157203,NVRN,ACTIVATED,0
2026-02-20 05:00:57,89011702274410157211,STHE,ACTIVATED,0
2026-02-20 05:01:00,89011702274410157229,OREU,ACTIVATED,2098176
2026-02-20 05:01:04,89011702274410157237,WASP,ACTIVATED,759605248
2026-02-20 05:01:08,89011702274410157245,IDPY,ACTIVATED,0
2026-02-20 05:01:12,89011702274410157252,ORUG,ACTIVATED,8392704
2026-02-20 05:01:16,89011702274410157260,ORHG,ACTIVATED,6294528
2026-02-20 05:01:20,89011702274410157484,GATY,ACTIVATED,4196352
2026-02-20 05:01:23,89011703274044237362,ILDC,ACTIVATED,4196352
2026-02-20 05:01:27,89011703274044237396,IDGV,ACTIVATED,5544960
2026-02-20 05:01:30,89011703274044237404,IDMH,ACTIVATED,283266048
2026-02-20 05:01:34,89011703274044237420,PATS,ACTIVATED,6294528
2026-02-20 05:01:37,89011703274044237438,NHCD,ACTIVATED,780581888
2026-02-20 05:01:41,89011703274044237446,ILCY,ACTIVATED,0
2026-02-20 05:01:44,89011703274044237453,CARM,ACTIVATED,4196352
2026-02-20 05:01:48,89011703274044237511,TWFD,ACTIVATED,6667264
2026-02-20 05:01:51,89011703274044237529,LABC,ACTIVATED,4196352
2026-02-20 05:01:55,89011703274044237537,TSHK,ACTIVATED,6294528
2026-02-20 05:01:59,89011703274044237685,ILBG,ACTIVATED,5965824
2026-02-20 05:02:03,89011703274044237701,ILKX,ACTIVATED,0
2026-02-20 05:02:06,89011703274044237719,TACN,ACTIVATED,4196352
2026-02-20 05:02:10,89011703274044237735,TBRM,ACTIVATED,6294528
2026-02-20 05:02:14,89011703274044237743,TPKG,ACTIVATED,6294528
2026-02-20 05:02:18,89011703274044237750,MXMY,ACTIVATED,1024
2026-02-20 05:02:22,89011703274044237784,THMN,ACTIVATED,4196352
2026-02-20 05:02:25,89011703274044237792,TMIL,ACTIVATED,0
2026-02-20 05:02:29,89011703274044237800,GAJS,ACTIVATED,4196352
2026-02-20 05:02:32,89011703274044237818,QCB0,ACTIVATED,4196352
2026-02-20 05:02:35,89011703274044237826,INBG,ACTIVATED,744919040
2026-02-20 05:02:39,89011703274044237834,LAMN,ACTIVATED,4196352
2026-02-20 05:02:43,89011703274044237859,TBRA,ACTIVATED,4196352
2026-02-20 05:02:46,89011703274044237875,MXCA,ACTIVATED,4004864
2026-02-20 05:02:49,89011703274044237909,MXSC,ACTIVATED,6294528
2026-02-20 05:02:53,89011703274044237917,TAMR,ACTIVATED,6294528
2026-02-20 05:02:56,89011703274044237925,WADH,ACTIVATED,2099200
2026-02-20 05:03:00,89011703274044237933,KINC,ACTIVATED,6294528
2026-02-20 05:03:04,89011703274044237941,ILWA,ACTIVATED,4196352
2026-02-20 05:03:08,89011703274044237958,GAAV,ACTIVATED,6294528
2026-02-20 05:03:11,89011703274044802389,PACN,ACTIVATED,6294528
2026-02-20 05:03:15,89011703274044802413,PAFV,ACTIVATED,6294528
2026-02-20 05:03:19,89011703274044802421,INNW,ACTIVATED,0
2026-02-20 05:03:23,89011703274044802439,IDRY,ACTIVATED,793181184
2026-02-20 05:03:26,89011703274044802447,PAMG,ACTIVATED,6294528
2026-02-20 05:03:30,89011703274044802454,NJEH,ACTIVATED,0
2026-02-20 05:03:33,89011703274044803460,ILLV,ACTIVATED,6294528
2026-02-20 05:03:37,89011703274044803478,INKO,ACTIVATED,0
2026-02-20 05:03:40,89011703274044803486,INNP,ACTIVATED,4196352
2026-02-20 05:03:44,89011703274044803494,MECH,ACTIVATED,0
2026-02-20 05:03:47,89011703274044803502,INAV,ACTIVATED,6294528
2026-02-20 05:03:50,89011703274044803510,INMN,ACTIVATED,6294528
2026-02-20 05:03:54,89011703274044803536,INGD,ACTIVATED,0
2026-02-20 05:03:58,89011703274044803544,ININ,ACTIVATED,4196352
2026-02-20 05:04:01,89011703274044803569,INDM,ACTIVATED,6294528
2026-02-20 05:04:05,89011703274044803577,ILTP,ACTIVATED,4196352
2026-02-20 05:04:09,89011703274044803593,ILSN,ACTIVATED,4196352
2026-02-20 05:04:13,89011703274044803601,INCT,ACTIVATED,4196352
2026-02-20 05:04:17,89011703274044803619,ILRI,ACTIVATED,6294528
2026-02-20 05:04:20,89011703274044803627,ILVD,ACTIVATED,6294528
2026-02-20 05:04:24,89011703274044803635,MASP,ACTIVATED,6294528
2026-02-20 05:04:27,89011703274044803643,MDAN,ACTIVATED,4196352
2026-02-20 05:04:31,89011703274044803650,ILRC,ACTIVATED,4196352
2026-02-20 05:04:34,89011703274044803676,CTNH,ACTIVATED,6294528
2026-02-20 05:04:38,89011703274044803684,CTWT,ACTIVATED,6294528
2026-02-20 05:04:41,89011703274044803692,ILDK,ACTIVATED,0
2026-02-20 05:04:45,89011703274044803700,CTWF,ACTIVATED,6294528
2026-02-20 05:04:48,89011703274044803718,IDWR,ACTIVATED,6294528
2026-02-20 05:04:52,89011703274044803726,INWN,ACTIVATED,4196352
2026-02-20 05:04:55,89011703274044803742,IDBS,ACTIVATED,6294528
2026-02-20 05:04:59,89011703274044803759,IDSY,ACTIVATED,4196352
2026-02-20 05:05:03,89011703274044803767,ILDV,ACTIVATED,4196352
2026-02-20 05:05:07,89011703274044803775,ILDP,ACTIVATED,6294528
2026-02-20 05:05:10,89011703274044803783,CTOX,ACTIVATED,6294528
2026-02-20 05:05:14,89011703274044803791,CTHF,ACTIVATED,4196352
2026-02-20 05:05:18,89011703274044803809,ILCS,ACTIVATED,308448256
2026-02-20 05:05:22,89011703274044803817,IDNP,ACTIVATED,6294528
2026-02-20 05:05:25,89011703274044803825,IDPR,ACTIVATED,0
2026-02-20 05:05:29,89011703274044803833,IDDK,ACTIVATED,772194304
2026-02-20 05:05:32,89011703274044803841,IDAN,ACTIVATED,6294528
2026-02-20 05:05:36,89011703274044803890,KSKC,ACTIVATED,4196352
2026-02-20 05:05:40,89011703274044803908,ILPN,ACTIVATED,0
2026-02-20 05:05:43,89011703274044803916,ILGB,ACTIVATED,4196352
2026-02-20 05:05:47,89011703274044803924,IDTN,ACTIVATED,0
2026-02-20 05:05:50,89011703274044803932,IDBR,ACTIVATED,0
2026-02-20 05:05:54,89011703274044803940,IDCW,ACTIVATED,0
2026-02-20 05:05:57,89011703274044803957,IDRT,ACTIVATED,6146048
2026-02-20 05:06:01,89011703274291052308,TAMW,ACTIVATED,0
2026-02-20 05:06:05,89011703274303619904,MUUR,ACTIVATED,8392704
2026-02-20 05:06:08,89011703274303620068,WYPD,ACTIVATED,4196352
2026-02-20 05:06:12,89011703274303620076,PACP,ACTIVATED,679861248
2026-02-20 05:06:16,89011703274303620167,MABL,ACTIVATED,6294528
2026-02-20 05:06:20,89011703274303620175,MAYP,ACTIVATED,6294528
2026-02-20 05:06:23,89011703274303620688,TNUM,ACTIVATED,6294528
2026-02-20 05:06:27,89011703274303620696,TPCB,ACTIVATED,365119488
2026-02-20 05:06:30,89011703274303620738,PACK,ACTIVATED,0
2026-02-20 05:06:34,89011703274303620746,CAPE,ACTIVATED,904376320
2026-02-20 05:06:37,89011703274303620753,FLWN,ACTIVATED,226622464
2026-02-20 05:06:41,89011703274303620761,ORHN,ACTIVATED,0
2026-02-20 05:06:45,89011703274303620779,WASS,ACTIVATED,1357638656
2026-02-20 05:06:48,89011703274303620787,TSTT,ACTIVATED,0
2026-02-20 05:06:51,89011703274303620795,TMIV,ACTIVATED,335732736
2026-02-20 05:06:55,89011703274303620803,TWNH,ACTIVATED,8392704
2026-02-20 05:06:59,89011703274303620811,TNOL,ACTIVATED,8392704
2026-02-20 05:07:03,89011703274303620829,TWSK,ACTIVATED,1401719808
2026-02-20 05:07:07,89011703274303620928,TXRN,ACTIVATED,5465088
2026-02-20 05:07:11,89011703274303620936,CARO,ACTIVATED,5299200
2026-02-20 05:07:15,89011703274303621009,FLBO,ACTIVATED,0
2026-02-20 05:07:18,89011703274303621025,TGPH,ACTIVATED,4196352
2026-02-20 05:07:22,89011703274303621041,FLPM,ACTIVATED,0
2026-02-20 05:07:25,89011703274303621074,MASC,ACTIVATED,0
2026-02-20 05:07:29,89011703274303621082,TCLD,ACTIVATED,4196352
2026-02-20 05:07:32,89011703274303621132,TDUN,ACTIVATED,365116416
2026-02-20 05:07:36,89011703274303621140,CAPB,ACTIVATED,6294528
2026-02-20 05:07:39,89011703274303621199,IDSV,ACTIVATED,6493184
2026-02-20 05:07:43,89011703274303621223,PAHG,ACTIVATED,0
2026-02-20 05:07:46,89011703274303621231,FLVN,ACTIVATED,0
2026-02-20 05:07:50,89011703274303621272,BARR,ACTIVATED,4196352
2026-02-20 05:07:53,89011703274303621280,TWLT,ACTIVATED,371406848
2026-02-20 05:07:57,89011703274303621314,TCTH,ACTIVATED,4196352
2026-02-20 05:08:00,89011703274303621322,FLTS,ACTIVATED,388192256
2026-02-20 05:08:04,89011703274303621330,TXDS,ACTIVATED,0
2026-02-20 05:08:08,89011703274303621348,TXV1,ACTIVATED,0
2026-02-20 05:08:12,89011703274303621355,TXBD,ACTIVATED,0
2026-02-20 05:08:16,89011703274303621363,TXAS,ACTIVATED,0
2026-02-20 05:08:20,89011703274303621371,TXSF,ACTIVATED,0
2026-02-20 05:08:23,89011703274306259302,PAUT,ACTIVATED,6294528
2026-02-20 05:08:27,89011703274306259310,PANW,ACTIVATED,6294528
2026-02-20 05:08:30,89011703274306259328,PAWD,ACTIVATED,0
2026-02-20 05:08:34,89011703274306259369,IDFH,ACTIVATED,6563840
2026-02-20 05:08:37,89011703274306259377,PAAN,ACTIVATED,0
2026-02-20 05:08:41,89011703274306259427,SCOTT_TEST,ACTIVATED,0
2026-02-20 05:08:44,89011703274306259435,ILOT,ACTIVATED,6294528
2026-02-20 05:08:48,89011703274306259443,PABV,ACTIVATED,6294528
2026-02-20 05:08:51,89011703274306259450,MAWO,ACTIVATED,6294528
2026-02-20 05:08:55,89011703274306259468,OSHA,ACTIVATED,891815936
2026-02-20 05:08:58,89011703274306260284,NEP5,ACTIVATED,0
2026-02-20 05:09:02,89011703274306260292,EAS5,INVENTORY,0
2026-02-20 05:09:05,89011703274306260300,IAIN,ACTIVATED,6294528
2026-02-20 05:09:09,89011703274306260326,TCRL,ACTIVATED,0
2026-02-20 05:09:13,89011703274306260334,TESX,ACTIVATED,883416064
2026-02-20 05:09:17,89011703274306260342,TMRL,ACTIVATED,4196352
2026-02-20 05:09:21,89011703274306260359,TCHT,ACTIVATED,0
2026-02-20 05:09:24,89011703274306260367,TLMG,ACTIVATED,0
2026-02-20 05:09:27,89011703274306260375,THAR,ACTIVATED,0
2026-02-20 05:09:31,89011703274306260391,TTRN,ACTIVATED,4196352
2026-02-20 05:09:34,89011703274306260409,ILMC,ACTIVATED,0
2026-02-20 05:09:38,89011703274306260417,ILRW,ACTIVATED,0
2026-02-20 05:09:41,89011703274306260433,TPRT,ACTIVATED,6294528
2026-02-20 05:09:45,89011703274306260441,CASO,ACTIVATED,0
2026-02-20 05:09:48,89011703274306260466,WIFA,ACTIVATED,4196352
2026-02-20 05:09:52,89011703274306260474,CAMC,ACTIVATED,1361847296
2026-02-20 05:09:55,89011703274306260482,NFGF,ACTIVATED,6294528
2026-02-20 05:09:59,89011703274306260490,TCRN,ACTIVATED,728130560
2026-02-20 05:10:02,89011703274306260508,TSCB,ACTIVATED,0
2026-02-20 05:10:06,89011703274306260516,TUXB,ACTIVATED,0
2026-02-20 05:10:10,89011703274306260524,TBOW,ACTIVATED,2098176
2026-02-20 05:10:14,89011703274306260532,TRIT,INVENTORY,0
2026-02-20 05:10:18,89011703274306260540,GAFP,ACTIVATED,776387584
2026-02-20 05:10:21,89011703274306260557,GAWA,ACTIVATED,4196352
2026-02-20 05:10:25,89011703274306260565,TTEC,ACTIVATED,0
2026-02-20 05:10:28,89011703274306260573,MSSL,ACTIVATED,4196352
2026-02-20 05:10:32,89011703274306260581,INIS,ACTIVATED,0
2026-02-20 05:10:35,89011703274306260599,INFT,ACTIVATED,6294528
2026-02-20 05:10:39,89011703274306260607,NFTY,ACTIVATED,6294528
2026-02-20 05:10:42,89011703274306260615,KYSL,ACTIVATED,4196352
2026-02-20 05:10:46,89011703274306260623,WAML,ACTIVATED,6294528
2026-02-20 05:10:49,89011703274306260631,MISW,ACTIVATED,6294528
2026-02-20 05:10:53,89011703274306260649,MITV,ACTIVATED,6294528
2026-02-20 05:10:56,89011703274306260664,MIGR,ACTIVATED,4196352
2026-02-20 05:11:00,89011703274306260672,KYLV,ACTIVATED,4196352
2026-02-20 05:11:04,89011703274306260680,MIWN,ACTIVATED,1806336
2026-02-20 05:11:08,89011703274306260698,FLML,ACTIVATED,0
2026-02-20 05:11:11,89011703274306260706,FLPD,ACTIVATED,0
2026-02-20 05:11:15,89011703274306260714,FLPV,ACTIVATED,0
2026-02-20 05:11:19,89011703274306260730,AZHV,ACTIVATED,4062208
2026-02-20 05:11:22,89011703274306260755,ORPL,ACTIVATED,4196352
2026-02-20 05:11:26,89011703274306260763,TXKN,ACTIVATED,0
2026-02-20 05:11:29,89011703274306260771,MOWN,ACTIVATED,6294528
2026-02-20 05:11:33,89011703278777933097,CATY,ACTIVATED,809960448
2026-02-20 05:11:36,89011703278778020142,ORWV,ACTIVATED,0
2026-02-20 05:11:40,89011703278778198195,CAAL,ACTIVATED,627388416
2026-02-20 05:11:43,89011703274291052357,IVAL,ACTIVATED,222428160
2026-02-20 05:11:47,89011702274315571912,ILLK,ACTIVATED,788987904
2026-02-20 05:11:50,89011702274410155280,Macon Rover,ACTIVATED,2878464
2026-02-20 05:11:54,89011702274410155330,GAMA,ACTIVATED,4196352
2026-02-20 05:11:58,89011702274410155348,GAMH,ACTIVATED,4413440
2026-02-20 05:12:01,89011703274303620837,VALN,ACTIVATED,6294528
2026-02-20 05:12:05,89011703274303620878,VAAX,ACTIVATED,6294528
2026-02-20 05:12:09,89011702274410155355,GATC,ACTIVATED,4196352
2026-02-20 05:12:13,89011702274410155363,GAMS,ACTIVATED,4196352
2026-02-20 05:12:16,89011702274410155371,GADN,ACTIVATED,3247104
2026-02-20 05:12:20,89011702274410155389,GADV,ACTIVATED,4196352
2026-02-20 05:12:24,89011702274410156551,ILEF,ACTIVATED,765902848
2026-02-20 05:12:27,89011702274410156577,IDJM,ACTIVATED,6165504
2026-02-20 05:12:31,89011702274410156890,GAWB,ACTIVATED,780577792
2026-02-20 05:12:34,89011702274410156908,GAST,ACTIVATED,1172989952
2026-02-20 05:12:38,89011702274410157005,GAMO,ACTIVATED,0
2026-02-20 05:12:41,89011702274410157013,WATC,ACTIVATED,0
2026-02-20 05:12:45,89011702274410157021,WAKN,ACTIVATED,656782336
2026-02-20 05:12:48,89011702274410157039,WAMV,ACTIVATED,0
2026-02-20 08:30:02,89011702274410157047,WAWW,ACTIVATED,0
2026-02-20 08:30:13,89011702274410157054,WARL,ACTIVATED,
2026-02-20 08:30:17,89011702274410157062,WAPC,ACTIVATED,933769216
2026-02-21 05:00:14,89011702274410157104,CASM,ACTIVATED,
2026-02-21 05:00:18,89011702274410157112,CARD,ACTIVATED,0
2026-02-21 05:00:22,89011702274410157120,CAMT,ACTIVATED,0
2026-02-21 05:00:25,89011702274410157138,CAAB,ACTIVATED,0
2026-02-21 05:00:29,89011702274410157146,ORKF,ACTIVATED,10490880
2026-02-21 05:00:33,89011702274410157153,ORBD,ACTIVATED,8392704
2026-02-21 05:00:36,89011702274410157161,ORMS,ACTIVATED,0
2026-02-21 05:00:40,89011702274410157179,WAYK,ACTIVATED,10490880
2026-02-21 05:00:43,89011702274410157187,WAWN,ACTIVATED,4196352
2026-02-21 05:00:47,89011702274410157195,MAX1,ACTIVATED,0
2026-02-21 05:00:50,89011702274410157203,NVRN,ACTIVATED,0
2026-02-21 05:00:54,89011702274410157211,STHE,ACTIVATED,0
2026-02-21 05:00:57,89011702274410157229,OREU,ACTIVATED,2098176
2026-02-21 05:01:01,89011702274410157237,WASP,ACTIVATED,1420592128
2026-02-21 05:01:05,89011702274410157245,IDPY,ACTIVATED,0
2026-02-21 05:01:09,89011702274410157252,ORUG,ACTIVATED,12589056
2026-02-21 05:01:13,89011702274410157260,ORHG,ACTIVATED,8392704
2026-02-21 05:01:17,89011702274410157484,GATY,ACTIVATED,8392704
2026-02-21 05:01:20,89011703274044237362,ILDC,ACTIVATED,8392704
2026-02-21 05:01:24,89011703274044237396,IDGV,ACTIVATED,7974912
2026-02-21 05:01:27,89011703274044237404,IDMH,ACTIVATED,551840768
2026-02-21 05:01:31,89011703274044237420,PATS,ACTIVATED,10490880
2026-02-21 05:01:34,89011703274044237438,NHCD,ACTIVATED,1443680256
2026-02-21 05:01:38,89011703274044237446,ILCY,ACTIVATED,1024
2026-02-21 05:01:41,89011703274044237453,CARM,ACTIVATED,10490880
2026-02-21 05:01:45,89011703274044237511,TWFD,ACTIVATED,363383808
2026-02-21 05:01:48,89011703274044237529,LABC,ACTIVATED,8392704
2026-02-21 05:01:52,89011703274044237537,TSHK,ACTIVATED,10490880
2026-02-21 05:01:55,89011703274044237685,ILBG,ACTIVATED,10162176
2026-02-21 05:01:59,89011703274044237701,ILKX,ACTIVATED,0
2026-02-21 05:02:03,89011703274044237719,TACN,ACTIVATED,8392704
2026-02-21 05:02:07,89011703274044237735,TBRM,ACTIVATED,10490880
2026-02-21 05:02:11,89011703274044237743,TPKG,ACTIVATED,10490880
2026-02-21 05:02:14,89011703274044237750,MXMY,ACTIVATED,1024
2026-02-21 05:02:18,89011703274044237784,THMN,ACTIVATED,8607744
2026-02-21 05:02:22,89011703274044237792,TMIL,ACTIVATED,0
2026-02-21 05:02:26,89011703274044237800,GAJS,ACTIVATED,8392704
2026-02-21 05:02:29,89011703274044237818,QCB0,ACTIVATED,8392704
2026-02-21 05:02:33,89011703274044237826,INBG,ACTIVATED,1374427136
2026-02-21 05:02:36,89011703274044237834,LAMN,ACTIVATED,8392704
2026-02-21 05:02:40,89011703274044237859,TBRA,ACTIVATED,8392704
2026-02-21 05:02:43,89011703274044237875,MXCA,ACTIVATED,8201216
2026-02-21 05:02:47,89011703274044237909,MXSC,ACTIVATED,10490880
2026-02-21 05:02:51,89011703274044237917,TAMR,ACTIVATED,10490880
2026-02-21 05:02:54,89011703274044237925,WADH,ACTIVATED,6297600
2026-02-21 05:02:58,89011703274044237933,KINC,ACTIVATED,10490880
2026-02-21 05:03:01,89011703274044237941,ILWA,ACTIVATED,6294528
2026-02-21 05:03:05,89011703274044237958,GAAV,ACTIVATED,10490880
2026-02-21 05:03:09,89011703274044802389,PACN,ACTIVATED,10490880
2026-02-21 05:03:13,89011703274044802413,PAFV,ACTIVATED,10490880
2026-02-21 05:03:17,89011703274044802421,INNW,ACTIVATED,0
2026-02-21 05:03:21,89011703274044802439,IDRY,ACTIVATED,842891264
2026-02-21 05:03:24,89011703274044802447,PAMG,ACTIVATED,10490880
2026-02-21 05:03:28,89011703274044802454,NJEH,ACTIVATED,0
2026-02-21 05:03:31,89011703274044803460,ILLV,ACTIVATED,10490880
2026-02-21 05:03:35,89011703274044803478,INKO,ACTIVATED,0
2026-02-21 05:03:38,89011703274044803486,INNP,ACTIVATED,8392704
2026-02-21 05:03:42,89011703274044803494,MECH,ACTIVATED,0
2026-02-21 05:03:46,89011703274044803502,INAV,ACTIVATED,10490880
2026-02-21 05:03:49,89011703274044803510,INMN,ACTIVATED,10490880
2026-02-21 05:03:53,89011703274044803536,INGD,ACTIVATED,0
2026-02-21 05:03:56,89011703274044803544,ININ,ACTIVATED,10490880
2026-02-21 05:04:00,89011703274044803569,INDM,ACTIVATED,10490880
2026-02-21 05:04:03,89011703274044803577,ILTP,ACTIVATED,8392704
2026-02-21 05:04:07,89011703274044803593,ILSN,ACTIVATED,8392704
2026-02-21 05:04:11,89011703274044803601,INCT,ACTIVATED,8392704
2026-02-21 05:04:15,89011703274044803619,ILRI,ACTIVATED,10490880
2026-02-21 05:04:19,89011703274044803627,ILVD,ACTIVATED,10490880
2026-02-21 05:04:22,89011703274044803635,MASP,ACTIVATED,10490880
2026-02-21 05:04:26,89011703274044803643,MDAN,ACTIVATED,8392704
2026-02-21 05:04:29,89011703274044803650,ILRC,ACTIVATED,8392704
2026-02-21 05:04:33,89011703274044803676,CTNH,ACTIVATED,10490880
2026-02-21 05:04:36,89011703274044803684,CTWT,ACTIVATED,10490880
2026-02-21 05:04:40,89011703274044803692,ILDK,ACTIVATED,0
2026-02-21 05:04:43,89011703274044803700,CTWF,ACTIVATED,10490880
2026-02-21 05:04:47,89011703274044803718,IDWR,ACTIVATED,10490880
2026-02-21 05:04:50,89011703274044803726,INWN,ACTIVATED,8392704
2026-02-21 05:04:54,89011703274044803742,IDBS,ACTIVATED,11741184
2026-02-21 05:04:57,89011703274044803759,IDSY,ACTIVATED,8392704
2026-02-21 05:05:01,89011703274044803767,ILDV,ACTIVATED,10490880
2026-02-21 05:05:05,89011703274044803775,ILDP,ACTIVATED,12589056
2026-02-21 05:05:09,89011703274044803783,CTOX,ACTIVATED,10490880
2026-02-21 05:05:13,89011703274044803791,CTHF,ACTIVATED,10490880
2026-02-21 05:05:17,89011703274044803809,ILCS,ACTIVATED,562339840
2026-02-21 05:05:20,89011703274044803817,IDNP,ACTIVATED,12589056
2026-02-21 05:05:24,89011703274044803825,IDPR,ACTIVATED,0
2026-02-21 05:05:27,89011703274044803833,IDDK,ACTIVATED,1412190208
2026-02-21 05:05:31,89011703274044803841,IDAN,ACTIVATED,12589056
2026-02-21 05:05:35,89011703274044803890,KSKC,ACTIVATED,8392704
2026-02-21 05:05:38,89011703274044803908,ILPN,ACTIVATED,0
2026-02-21 05:05:42,89011703274044803916,ILGB,ACTIVATED,7483392
2026-02-21 05:05:45,89011703274044803924,IDTN,ACTIVATED,0
2026-02-21 05:05:49,89011703274044803932,IDBR,ACTIVATED,0
2026-02-21 05:05:52,89011703274044803940,IDCW,ACTIVATED,0
2026-02-21 05:05:56,89011703274044803957,IDRT,ACTIVATED,10342400
2026-02-21 05:05:59,89011703274291052308,TAMW,ACTIVATED,0
2026-02-21 05:06:03,89011703274303619904,MUUR,ACTIVATED,12589056
2026-02-21 05:06:07,89011703274303620068,WYPD,ACTIVATED,8392704
2026-02-21 05:06:11,89011703274303620076,PACP,ACTIVATED,1227527168
2026-02-21 05:06:15,89011703274303620167,MABL,ACTIVATED,10490880
2026-02-21 05:06:19,89011703274303620175,MAYP,ACTIVATED,10490880
2026-02-21 05:06:22,89011703274303620688,TNUM,ACTIVATED,12589056
2026-02-21 05:06:26,89011703274303620696,TPCB,ACTIVATED,671475712
2026-02-21 05:06:29,89011703274303620738,PACK,ACTIVATED,0
2026-02-21 05:06:33,89011703274303620746,CAPE,ACTIVATED,1638780928
2026-02-21 05:06:36,89011703274303620753,FLWN,ACTIVATED,230818816
2026-02-21 05:06:40,89011703274303620761,ORHN,ACTIVATED,0
2026-02-21 05:06:43,89011703274303620779,WASS,ACTIVATED,2413097984
2026-02-21 05:06:47,89011703274303620787,TSTT,ACTIVATED,0
2026-02-21 05:06:50,89011703274303620795,TMIV,ACTIVATED,726310912
2026-02-21 05:06:54,89011703274303620803,TWNH,ACTIVATED,14687232
2026-02-21 05:06:57,89011703274303620811,TNOL,ACTIVATED,14687232
2026-02-21 05:07:01,89011703274303620829,TWSK,ACTIVATED,2394238976
2026-02-21 05:07:05,89011703274303620928,TXRN,ACTIVATED,9661440
2026-02-21 05:07:09,89011703274303620936,CARO,ACTIVATED,10094592
2026-02-21 05:07:13,89011703274303621009,FLBO,ACTIVATED,0
2026-02-21 05:07:16,89011703274303621025,TGPH,ACTIVATED,8392704
2026-02-21 05:07:20,89011703274303621041,FLPM,ACTIVATED,0
2026-02-21 05:07:24,89011703274303621074,MASC,ACTIVATED,0
2026-02-21 05:07:27,89011703274303621082,TCLD,ACTIVATED,8392704
2026-02-21 05:07:31,89011703274303621132,TDUN,ACTIVATED,671470592
2026-02-21 05:07:34,89011703274303621140,CAPB,ACTIVATED,10490880
2026-02-21 05:07:38,89011703274303621199,IDSV,ACTIVATED,10689536
2026-02-21 05:07:42,89011703274303621223,PAHG,ACTIVATED,0
2026-02-21 05:07:45,89011703274303621231,FLVN,ACTIVATED,0
2026-02-21 05:07:49,89011703274303621272,BARR,ACTIVATED,8392704
2026-02-21 05:07:52,89011703274303621280,TWLT,ACTIVATED,684061696
2026-02-21 05:07:56,89011703274303621314,TCTH,ACTIVATED,8392704
2026-02-21 05:07:59,89011703274303621322,FLTS,ACTIVATED,392388608
2026-02-21 05:08:03,89011703274303621330,TXDS,ACTIVATED,0
2026-02-21 05:08:07,89011703274303621348,TXV1,ACTIVATED,0
2026-02-21 05:08:11,89011703274303621355,TXBD,ACTIVATED,0
2026-02-21 05:08:15,89011703274303621363,TXAS,ACTIVATED,0
2026-02-21 05:08:19,89011703274303621371,TXSF,ACTIVATED,0
2026-02-21 05:08:22,89011703274306259302,PAUT,ACTIVATED,10490880
2026-02-21 05:08:26,89011703274306259310,PANW,ACTIVATED,10490880
2026-02-21 05:08:29,89011703274306259328,PAWD,ACTIVATED,0
2026-02-21 05:08:33,89011703274306259369,IDFH,ACTIVATED,10760192
2026-02-21 05:08:36,89011703274306259377,PAAN,ACTIVATED,0
2026-02-21 05:08:40,89011703274306259427,SCOTT_TEST,ACTIVATED,0
2026-02-21 05:08:43,89011703274306259435,ILOT,ACTIVATED,10490880
2026-02-21 05:08:47,89011703274306259443,PABV,ACTIVATED,10490880
2026-02-21 05:08:50,89011703274306259450,MAWO,ACTIVATED,10490880
2026-02-21 05:08:54,89011703274306259468,OSHA,ACTIVATED,1643023360
2026-02-21 05:08:57,89011703274306260284,NEP5,ACTIVATED,0
2026-02-21 05:09:01,89011703274306260292,EAS5,INVENTORY,0
2026-02-21 05:09:05,89011703274306260300,IAIN,ACTIVATED,12589056
2026-02-21 05:09:08,89011703274306260326,TCRL,ACTIVATED,0
2026-02-21 05:09:12,89011703274306260334,TESX,ACTIVATED,1613636608
2026-02-21 05:09:16,89011703274306260342,TMRL,ACTIVATED,8392704
2026-02-21 05:09:20,89011703274306260359,TCHT,ACTIVATED,0
2026-02-21 05:09:23,89011703274306260367,TLMG,ACTIVATED,0
2026-02-21 05:09:27,89011703274306260375,THAR,ACTIVATED,0
2026-02-21 05:09:30,89011703274306260391,TTRN,ACTIVATED,8392704
2026-02-21 05:09:34,89011703274306260409,ILMC,ACTIVATED,0
2026-02-21 05:09:37,89011703274306260417,ILRW,ACTIVATED,0
2026-02-21 05:09:41,89011703274306260433,TPRT,ACTIVATED,10490880
2026-02-21 05:09:45,89011703274306260441,CASO,ACTIVATED,0
2026-02-21 05:09:48,89011703274306260466,WIFA,ACTIVATED,8392704
2026-02-21 05:09:52,89011703274306260474,CAMC,ACTIVATED,2478178304
2026-02-21 05:09:55,89011703274306260482,NFGF,ACTIVATED,10490880
2026-02-21 05:09:59,89011703274306260490,TCRN,ACTIVATED,1332454400
2026-02-21 05:10:02,89011703274306260508,TSCB,ACTIVATED,0
2026-02-21 05:10:06,89011703274306260516,TUXB,ACTIVATED,0
2026-02-21 05:10:10,89011703274306260524,TBOW,ACTIVATED,4196352
2026-02-21 05:10:14,89011703274306260532,TRIT,INVENTORY,0
2026-02-21 05:10:18,89011703274306260540,GAFP,ACTIVATED,1405877248
2026-02-21 05:10:22,89011703274306260557,GAWA,ACTIVATED,8392704
2026-02-21 05:10:25,89011703274306260565,TTEC,ACTIVATED,0
2026-02-21 05:10:29,89011703274306260573,MSSL,ACTIVATED,8392704
2026-02-21 05:10:32,89011703274306260581,INIS,ACTIVATED,0
2026-02-21 05:10:36,89011703274306260599,INFT,ACTIVATED,14687232
2026-02-21 05:10:39,89011703274306260607,NFTY,ACTIVATED,12589056
2026-02-21 05:10:43,89011703274306260615,KYSL,ACTIVATED,8392704
2026-02-21 05:10:46,89011703274306260623,WAML,ACTIVATED,10490880
2026-02-21 05:10:50,89011703274306260631,MISW,ACTIVATED,10490880
2026-02-21 05:10:53,89011703274306260649,MITV,ACTIVATED,10490880
2026-02-21 05:10:57,89011703274306260664,MIGR,ACTIVATED,10490880
2026-02-21 05:11:01,89011703274306260672,KYLV,ACTIVATED,8359936
2026-02-21 05:11:04,89011703274306260680,MIWN,ACTIVATED,1806336
2026-02-21 05:11:08,89011703274306260698,FLML,ACTIVATED,0
2026-02-21 05:11:12,89011703274306260706,FLPD,ACTIVATED,0
2026-02-21 05:11:16,89011703274306260714,FLPV,ACTIVATED,0
2026-02-21 05:11:20,89011703274306260730,AZHV,ACTIVATED,9558016
2026-02-21 05:11:23,89011703274306260755,ORPL,ACTIVATED,7111680
2026-02-21 05:11:27,89011703274306260763,TXKN,ACTIVATED,0
2026-02-21 05:11:30,89011703274306260771,MOWN,ACTIVATED,10490880
2026-02-21 05:11:34,89011703278777933097,CATY,ACTIVATED,1470950400
2026-02-21 05:11:37,89011703278778020142,ORWV,ACTIVATED,0
2026-02-21 05:11:41,89011703278778198195,CAAL,ACTIVATED,1135169536
2026-02-21 05:11:44,89011703274291052357,IVAL,ACTIVATED,407084032
2026-02-21 05:11:48,89011702274315571912,ILLK,ACTIVATED,1447857152
2026-02-21 05:11:51,89011702274410155280,Macon Rover,ACTIVATED,4976640
2026-02-21 05:11:55,89011702274410155330,GAMA,ACTIVATED,358806528
2026-02-21 05:11:58,89011702274410155348,GAMH,ACTIVATED,8609792
2026-02-21 05:12:02,89011703274303620837,VALN,ACTIVATED,10490880
2026-02-21 05:12:06,89011703274303620878,VAAX,ACTIVATED,10490880
2026-02-21 05:12:10,89011702274410155355,GATC,ACTIVATED,8392704
2026-02-21 05:12:14,89011702274410155363,GAMS,ACTIVATED,8392704
2026-02-21 05:12:18,89011702274410155371,GADN,ACTIVATED,7443456
2026-02-21 05:12:21,89011702274410155389,GADV,ACTIVATED,8392704
2026-02-21 05:12:25,89011702274410156551,ILEF,ACTIVATED,1399618560
2026-02-21 05:12:28,89011702274410156577,IDJM,ACTIVATED,10361856
2026-02-21 05:12:32,89011702274410156890,GAWB,ACTIVATED,1386987520
2026-02-21 05:12:35,89011702274410156908,GAST,ACTIVATED,2121454592
2026-02-21 05:12:39,89011702274410157005,GAMO,ACTIVATED,0
2026-02-21 05:12:42,89011702274410157013,WATC,ACTIVATED,0
2026-02-21 05:12:46,89011702274410157021,WAKN,ACTIVATED,1309372416
2026-02-21 05:12:49,89011702274410157039,WAMV,ACTIVATED,0
2026-02-21 05:12:53,89011702274410157047,WAWW,ACTIVATED,0
2026-02-21 05:12:57,89011702274410157054,WARL,ACTIVATED,0
2026-02-21 05:13:00,89011702274410157062,WAPC,ACTIVATED,1426883584
2026-02-21 08:31:05,89011702274410157070,WABU,ACTIVATED,0
2026-02-21 08:31:09,89011702274410157088,WABC,ACTIVATED,0
2026-02-21 08:31:13,89011702274410157096,CAVC,ACTIVATED,1470935040
2026-02-22 05:00:18,89011702274410157146,ORKF,ACTIVATED,14687232
2026-02-22 05:00:21,89011702274410157153,ORBD,ACTIVATED,12589056
2026-02-22 05:00:25,89011702274410157161,ORMS,ACTIVATED,0
2026-02-22 05:00:28,89011702274410157179,WAYK,ACTIVATED,14687232
2026-02-22 05:00:32,89011702274410157187,WAWN,ACTIVATED,6648832
2026-02-22 05:00:36,89011702274410157195,MAX1,ACTIVATED,0
2026-02-22 05:00:39,89011702274410157203,NVRN,ACTIVATED,0
2026-02-22 05:00:43,89011702274410157211,STHE,ACTIVATED,0
2026-02-22 05:00:46,89011702274410157229,OREU,ACTIVATED,4196352
2026-02-22 05:00:50,89011702274410157237,WASP,ACTIVATED,2008125440
2026-02-22 05:00:53,89011702274410157245,IDPY,ACTIVATED,0
2026-02-22 05:00:56,89011702274410157252,ORUG,ACTIVATED,16785408
2026-02-22 05:01:00,89011702274410157260,ORHG,ACTIVATED,14687232
2026-02-22 05:01:04,89011702274410157484,GATY,ACTIVATED,12589056
2026-02-22 05:01:08,89011703274044237362,ILDC,ACTIVATED,14687232
2026-02-22 05:01:12,89011703274044237396,IDGV,ACTIVATED,410857472
2026-02-22 05:01:15,89011703274044237404,IDMH,ACTIVATED,824619008
2026-02-22 05:01:19,89011703274044237420,PATS,ACTIVATED,14687232
2026-02-22 05:01:23,89011703274044237438,NHCD,ACTIVATED,2106761216
2026-02-22 05:01:26,89011703274044237446,ILCY,ACTIVATED,2048
2026-02-22 05:01:30,89011703274044237453,CARM,ACTIVATED,14687232
2026-02-22 05:01:33,89011703274044237511,TWFD,ACTIVATED,946741248
2026-02-22 05:01:37,89011703274044237529,LABC,ACTIVATED,12589056
2026-02-22 05:01:40,89011703274044237537,TSHK,ACTIVATED,14687232
2026-02-22 05:01:44,89011703274044237685,ILBG,ACTIVATED,14358528
2026-02-22 05:01:47,89011703274044237701,ILKX,ACTIVATED,0
2026-02-22 05:01:51,89011703274044237719,TACN,ACTIVATED,12589056
2026-02-22 05:01:54,89011703274044237735,TBRM,ACTIVATED,14687232
2026-02-22 05:01:58,89011703274044237743,TPKG,ACTIVATED,14687232
2026-02-22 05:02:01,89011703274044237750,MXMY,ACTIVATED,1024
2026-02-22 05:02:05,89011703274044237784,THMN,ACTIVATED,14902272
2026-02-22 05:02:09,89011703274044237792,TMIL,ACTIVATED,0
2026-02-22 05:02:13,89011703274044237800,GAJS,ACTIVATED,12589056
2026-02-22 05:02:16,89011703274044237818,QCB0,ACTIVATED,14687232
2026-02-22 05:02:20,89011703274044237826,INBG,ACTIVATED,2008131584
2026-02-22 05:02:24,89011703274044237834,LAMN,ACTIVATED,12589056
2026-02-22 05:02:27,89011703274044237859,TBRA,ACTIVATED,12589056
2026-02-22 05:02:31,89011703274044237875,MXCA,ACTIVATED,12397568
2026-02-22 05:02:34,89011703274044237909,MXSC,ACTIVATED,14687232
2026-02-22 05:02:37,89011703274044237917,TAMR,ACTIVATED,14687232
2026-02-22 05:02:41,89011703274044237925,WADH,ACTIVATED,8397824
2026-02-22 05:02:44,89011703274044237933,KINC,ACTIVATED,14687232
2026-02-22 05:02:48,89011703274044237941,ILWA,ACTIVATED,10490880
2026-02-22 05:02:51,89011703274044237958,GAAV,ACTIVATED,14687232
2026-02-22 05:02:55,89011703274044802389,PACN,ACTIVATED,14687232
2026-02-22 05:02:58,89011703274044802413,PAFV,ACTIVATED,14687232
2026-02-22 05:03:02,89011703274044802421,INNW,ACTIVATED,0
2026-02-22 05:03:06,89011703274044802439,IDRY,ACTIVATED,849185792
2026-02-22 05:03:10,89011703274044802447,PAMG,ACTIVATED,16785408
2026-02-22 05:03:14,89011703274044802454,NJEH,ACTIVATED,0
2026-02-22 05:03:17,89011703274044803460,ILLV,ACTIVATED,14687232
2026-02-22 05:03:21,89011703274044803478,INKO,ACTIVATED,0
2026-02-22 05:03:24,89011703274044803486,INNP,ACTIVATED,14687232
2026-02-22 05:03:28,89011703274044803494,MECH,ACTIVATED,0
2026-02-22 05:03:31,89011703274044803502,INAV,ACTIVATED,14687232
2026-02-22 05:03:35,89011703274044803510,INMN,ACTIVATED,14687232
2026-02-22 05:03:38,89011703274044803536,INGD,ACTIVATED,0
2026-02-22 05:03:42,89011703274044803544,ININ,ACTIVATED,14687232
2026-02-22 05:03:45,89011703274044803569,INDM,ACTIVATED,14687232
2026-02-22 05:03:49,89011703274044803577,ILTP,ACTIVATED,12589056
2026-02-22 05:03:52,89011703274044803593,ILSN,ACTIVATED,12589056
2026-02-22 05:03:56,89011703274044803601,INCT,ACTIVATED,12589056
2026-02-22 05:03:59,89011703274044803619,ILRI,ACTIVATED,14687232
2026-02-22 05:04:03,89011703274044803627,ILVD,ACTIVATED,14687232
2026-02-22 05:04:07,89011703274044803635,MASP,ACTIVATED,14687232
2026-02-22 05:04:11,89011703274044803643,MDAN,ACTIVATED,14687232
2026-02-22 05:04:15,89011703274044803650,ILRC,ACTIVATED,14687232
2026-02-22 05:04:19,89011703274044803676,CTNH,ACTIVATED,14687232
2026-02-22 05:04:22,89011703274044803684,CTWT,ACTIVATED,14687232
2026-02-22 05:04:25,89011703274044803692,ILDK,ACTIVATED,0
2026-02-22 05:04:29,89011703274044803700,CTWF,ACTIVATED,14687232
2026-02-22 05:04:32,89011703274044803718,IDWR,ACTIVATED,14687232
2026-02-22 05:04:36,89011703274044803726,INWN,ACTIVATED,14687232
2026-02-22 05:04:39,89011703274044803742,IDBS,ACTIVATED,15937536
2026-02-22 05:04:43,89011703274044803759,IDSY,ACTIVATED,14687232
2026-02-22 05:04:46,89011703274044803767,ILDV,ACTIVATED,14687232
2026-02-22 05:04:50,89011703274044803775,ILDP,ACTIVATED,18883584
2026-02-22 05:04:53,89011703274044803783,CTOX,ACTIVATED,14687232
2026-02-22 05:04:57,89011703274044803791,CTHF,ACTIVATED,14687232
2026-02-22 05:05:00,89011703274044803809,ILCS,ACTIVATED,812034048
2026-02-22 05:05:04,89011703274044803817,IDNP,ACTIVATED,18883584
2026-02-22 05:05:08,89011703274044803825,IDPR,ACTIVATED,0
2026-02-22 05:05:12,89011703274044803833,IDDK,ACTIVATED,2056389632
2026-02-22 05:05:16,89011703274044803841,IDAN,ACTIVATED,18883584
2026-02-22 05:05:19,89011703274044803890,KSKC,ACTIVATED,14687232
2026-02-22 05:05:23,89011703274044803908,ILPN,ACTIVATED,0
2026-02-22 05:05:26,89011703274044803916,ILGB,ACTIVATED,11679744
2026-02-22 05:05:30,89011703274044803924,IDTN,ACTIVATED,0
2026-02-22 05:05:33,89011703274044803932,IDBR,ACTIVATED,0
2026-02-22 05:05:37,89011703274044803940,IDCW,ACTIVATED,0
2026-02-22 05:05:40,89011703274044803957,IDRT,ACTIVATED,14538752
2026-02-22 05:05:44,89011703274291052308,TAMW,ACTIVATED,0
2026-02-22 05:05:47,89011703274303619904,MUUR,ACTIVATED,18883584
2026-02-22 05:05:50,89011703274303620068,WYPD,ACTIVATED,12589056
2026-02-22 05:05:54,89011703274303620076,PACP,ACTIVATED,1775182848
2026-02-22 05:05:57,89011703274303620167,MABL,ACTIVATED,14687232
2026-02-22 05:06:01,89011703274303620175,MAYP,ACTIVATED,14687232
2026-02-22 05:06:05,89011703274303620688,TNUM,ACTIVATED,16785408
2026-02-22 05:06:09,89011703274303620696,TPCB,ACTIVATED,977840128
2026-02-22 05:06:13,89011703274303620738,PACK,ACTIVATED,0
2026-02-22 05:06:16,89011703274303620746,CAPE,ACTIVATED,2377397248
2026-02-22 05:06:20,89011703274303620753,FLWN,ACTIVATED,235015168
2026-02-22 05:06:24,89011703274303620761,ORHN,ACTIVATED,0
2026-02-22 05:06:27,89011703274303620779,WASS,ACTIVATED,3378343936
2026-02-22 05:06:30,89011703274303620787,TSTT,ACTIVATED,0
2026-02-22 05:06:34,89011703274303620795,TMIV,ACTIVATED,1357917184
2026-02-22 05:06:38,89011703274303620803,TWNH,ACTIVATED,18883584
2026-02-22 05:06:41,89011703274303620811,TNOL,ACTIVATED,20981760
2026-02-22 05:06:45,89011703274303620829,TWSK,ACTIVATED,3334304768
2026-02-22 05:06:48,89011703274303620928,TXRN,ACTIVATED,13857792
2026-02-22 05:06:52,89011703274303620936,CARO,ACTIVATED,14290944
2026-02-22 05:06:55,89011703274303621009,FLBO,ACTIVATED,0
2026-02-22 05:06:59,89011703274303621025,TGPH,ACTIVATED,12589056
2026-02-22 05:07:02,89011703274303621041,FLPM,ACTIVATED,0
2026-02-22 05:07:06,89011703274303621074,MASC,ACTIVATED,0
2026-02-22 05:07:10,89011703274303621082,TCLD,ACTIVATED,239208448
2026-02-22 05:07:14,89011703274303621132,TDUN,ACTIVATED,977825792
2026-02-22 05:07:18,89011703274303621140,CAPB,ACTIVATED,14687232
2026-02-22 05:07:21,89011703274303621199,IDSV,ACTIVATED,14885888
2026-02-22 05:07:25,89011703274303621223,PAHG,ACTIVATED,0
2026-02-22 05:07:28,89011703274303621231,FLVN,ACTIVATED,0
2026-02-22 05:07:32,89011703274303621272,BARR,ACTIVATED,14433280
2026-02-22 05:07:35,89011703274303621280,TWLT,ACTIVATED,996715520
2026-02-22 05:07:39,89011703274303621314,TCTH,ACTIVATED,12589056
2026-02-22 05:07:42,89011703274303621322,FLTS,ACTIVATED,396584960
2026-02-22 05:07:46,89011703274303621330,TXDS,ACTIVATED,0
2026-02-22 05:07:49,89011703274303621348,TXV1,ACTIVATED,0
2026-02-22 05:07:53,89011703274303621355,TXBD,ACTIVATED,0
2026-02-22 05:07:56,89011703274303621363,TXAS,ACTIVATED,0
2026-02-22 05:08:00,89011703274303621371,TXSF,ACTIVATED,0
2026-02-22 05:08:03,89011703274306259302,PAUT,ACTIVATED,14687232
2026-02-22 05:08:07,89011703274306259310,PANW,ACTIVATED,14687232
2026-02-22 05:08:11,89011703274306259328,PAWD,ACTIVATED,0
2026-02-22 05:08:15,89011703274306259369,IDFH,ACTIVATED,14956544
2026-02-22 05:08:19,89011703274306259377,PAAN,ACTIVATED,0
2026-02-22 05:08:22,89011703274306259427,SCOTT_TEST,ACTIVATED,0
2026-02-22 05:08:26,89011703274306259435,ILOT,ACTIVATED,14687232
2026-02-22 05:08:29,89011703274306259443,PABV,ACTIVATED,14687232
2026-02-22 05:08:33,89011703274306259450,MAWO,ACTIVATED,14687232
2026-02-22 05:08:36,89011703274306259468,OSHA,ACTIVATED,2394231808
2026-02-22 05:08:39,89011703274306260284,NEP5,ACTIVATED,0
2026-02-22 05:08:43,89011703274306260292,EAS5,INVENTORY,0
2026-02-22 05:08:47,89011703274306260300,IAIN,ACTIVATED,18883584
2026-02-22 05:08:50,89011703274306260326,TCRL,ACTIVATED,0
2026-02-22 05:08:53,89011703274306260334,TESX,ACTIVATED,2362734592
2026-02-22 05:08:57,89011703274306260342,TMRL,ACTIVATED,12589056
2026-02-22 05:09:00,89011703274306260359,TCHT,ACTIVATED,0
2026-02-22 05:09:04,89011703274306260367,TLMG,ACTIVATED,0
2026-02-22 05:09:08,89011703274306260375,THAR,ACTIVATED,0
2026-02-22 05:09:12,89011703274306260391,TTRN,ACTIVATED,12589056
2026-02-22 05:09:16,89011703274306260409,ILMC,ACTIVATED,0
2026-02-22 05:09:20,89011703274306260417,ILRW,ACTIVATED,0
2026-02-22 05:09:23,89011703274306260433,TPRT,ACTIVATED,14687232
2026-02-22 05:09:27,89011703274306260441,CASO,ACTIVATED,0
2026-02-22 05:09:30,89011703274306260466,WIFA,ACTIVATED,14687232
2026-02-22 05:09:34,89011703274306260474,CAMC,ACTIVATED,3600801792
2026-02-22 05:09:37,89011703274306260482,NFGF,ACTIVATED,14687232
2026-02-22 05:09:40,89011703274306260490,TCRN,ACTIVATED,1959865344
2026-02-22 05:09:44,89011703274306260508,TSCB,ACTIVATED,0
2026-02-22 05:09:47,89011703274306260516,TUXB,ACTIVATED,0
2026-02-22 05:09:51,89011703274306260524,TBOW,ACTIVATED,8392704
2026-02-22 05:09:54,89011703274306260532,TRIT,INVENTORY,0
2026-02-22 05:09:58,89011703274306260540,GAFP,ACTIVATED,2047954944
2026-02-22 05:10:01,89011703274306260557,GAWA,ACTIVATED,12589056
2026-02-22 05:10:05,89011703274306260565,TTEC,ACTIVATED,0
2026-02-22 05:10:09,89011703274306260573,MSSL,ACTIVATED,12589056
2026-02-22 05:10:13,89011703274306260581,INIS,ACTIVATED,0
2026-02-22 05:10:16,89011703274306260599,INFT,ACTIVATED,20981760
2026-02-22 05:10:20,89011703274306260607,NFTY,ACTIVATED,16785408
2026-02-22 05:10:24,89011703274306260615,KYSL,ACTIVATED,12589056
2026-02-22 05:10:27,89011703274306260623,WAML,ACTIVATED,16785408
2026-02-22 05:10:31,89011703274306260631,MISW,ACTIVATED,14687232
2026-02-22 05:10:34,89011703274306260649,MITV,ACTIVATED,14687232
2026-02-22 05:10:38,89011703274306260664,MIGR,ACTIVATED,14687232
2026-02-22 05:10:41,89011703274306260672,KYLV,ACTIVATED,12556288
2026-02-22 05:10:45,89011703274306260680,MIWN,ACTIVATED,1806336
2026-02-22 05:10:48,89011703274306260698,FLML,ACTIVATED,0
2026-02-22 05:10:52,89011703274306260706,FLPD,ACTIVATED,0
2026-02-22 05:10:55,89011703274306260714,FLPV,ACTIVATED,0
2026-02-22 05:10:59,89011703274306260730,AZHV,ACTIVATED,12426240
2026-02-22 05:11:02,89011703274306260755,ORPL,ACTIVATED,7111680
2026-02-22 05:11:06,89011703274306260763,TXKN,ACTIVATED,0
2026-02-22 05:11:10,89011703274306260771,MOWN,ACTIVATED,14687232
2026-02-22 05:11:14,89011703278777933097,CATY,ACTIVATED,2136121344
2026-02-22 05:11:18,89011703278778020142,ORWV,ACTIVATED,0
2026-02-22 05:11:21,89011703278778198195,CAAL,ACTIVATED,1647144960
2026-02-22 05:11:25,89011703274291052357,IVAL,ACTIVATED,589644800
2026-02-22 05:11:28,89011702274315571912,ILLK,ACTIVATED,2115140608
2026-02-22 05:11:32,89011702274410155280,Macon Rover,ACTIVATED,7074816
2026-02-22 05:11:35,89011702274410155330,GAMA,ACTIVATED,1005085696
2026-02-22 05:11:39,89011702274410155348,GAMH,ACTIVATED,12806144
2026-02-22 05:11:42,89011703274303620837,VALN,ACTIVATED,14687232
2026-02-22 05:11:45,89011703274303620878,VAAX,ACTIVATED,14687232
2026-02-22 05:11:49,89011702274410155355,GATC,ACTIVATED,12589056
2026-02-22 05:11:52,89011702274410155363,GAMS,ACTIVATED,12589056
2026-02-22 05:11:56,89011702274410155371,GADN,ACTIVATED,11639808
2026-02-22 05:11:59,89011702274410155389,GADV,ACTIVATED,12589056
2026-02-22 05:12:03,89011702274410156551,ILEF,ACTIVATED,2043822080
2026-02-22 05:12:07,89011702274410156577,IDJM,ACTIVATED,14558208
2026-02-22 05:12:11,89011702274410156890,GAWB,ACTIVATED,2010185728
2026-02-22 05:12:14,89011702274410156908,GAST,ACTIVATED,3221000192
2026-02-22 05:12:18,89011702274410157005,GAMO,ACTIVATED,0
2026-02-22 05:12:22,89011702274410157013,WATC,ACTIVATED,0
2026-02-22 05:12:25,89011702274410157021,WAKN,ACTIVATED,1917894656
2026-02-22 05:12:29,89011702274410157039,WAMV,ACTIVATED,0
2026-02-22 05:12:32,89011702274410157047,WAWW,ACTIVATED,0
2026-02-22 05:12:35,89011702274410157054,WARL,ACTIVATED,0
2026-02-22 05:12:39,89011702274410157062,WAPC,ACTIVATED,2165495808
2026-02-22 05:12:42,89011702274410157070,WABU,ACTIVATED,0
2026-02-22 05:12:46,89011702274410157088,WABC,ACTIVATED,0
2026-02-22 05:12:49,89011702274410157096,CAVC,ACTIVATED,2018603008
2026-02-23 05:00:18,89011702274410157195,MAX1,ACTIVATED,0
2026-02-23 05:00:21,89011702274410157203,NVRN,ACTIVATED,0
2026-02-23 05:00:25,89011702274410157211,STHE,ACTIVATED,0
2026-02-23 05:00:29,89011702274410157229,OREU,ACTIVATED,6294528
2026-02-23 05:00:32,89011702274410157237,WASP,ACTIVATED,2696393728
2026-02-23 05:00:36,89011702274410157245,IDPY,ACTIVATED,0
2026-02-23 05:00:39,89011702274410157252,ORUG,ACTIVATED,20981760
2026-02-23 05:00:43,89011702274410157260,ORHG,ACTIVATED,20981760
2026-02-23 05:00:46,89011702274410157484,GATY,ACTIVATED,16785408
2026-02-23 05:00:50,89011703274044237362,ILDC,ACTIVATED,18883584
2026-02-23 05:00:53,89011703274044237396,IDGV,ACTIVATED,948024320
2026-02-23 05:00:56,89011703274044237404,IDMH,ACTIVATED,1093195776
2026-02-23 05:01:00,89011703274044237420,PATS,ACTIVATED,18883584
2026-02-23 05:01:04,89011703274044237438,NHCD,ACTIVATED,2755160064
2026-02-23 05:01:08,89011703274044237446,ILCY,ACTIVATED,2048
2026-02-23 05:01:12,89011703274044237453,CARM,ACTIVATED,18883584
2026-02-23 05:01:15,89011703274044237511,TWFD,ACTIVATED,1528007680
2026-02-23 05:01:19,89011703274044237529,LABC,ACTIVATED,16785408
2026-02-23 05:01:23,89011703274044237537,TSHK,ACTIVATED,18883584
2026-02-23 05:01:27,89011703274044237685,ILBG,ACTIVATED,18554880
2026-02-23 05:01:30,89011703274044237701,ILKX,ACTIVATED,0
2026-02-23 05:01:33,89011703274044237719,TACN,ACTIVATED,16785408
2026-02-23 05:01:37,89011703274044237735,TBRM,ACTIVATED,18883584
2026-02-23 05:01:40,89011703274044237743,TPKG,ACTIVATED,18883584
2026-02-23 05:01:44,89011703274044237750,MXMY,ACTIVATED,2048
2026-02-23 05:01:47,89011703274044237784,THMN,ACTIVATED,19098624
2026-02-23 05:01:51,89011703274044237792,TMIL,ACTIVATED,0
2026-02-23 05:01:54,89011703274044237800,GAJS,ACTIVATED,16785408
2026-02-23 05:01:58,89011703274044237818,QCB0,ACTIVATED,18883584
2026-02-23 05:02:01,89011703274044237826,INBG,ACTIVATED,2629243904
2026-02-23 05:02:05,89011703274044237834,LAMN,ACTIVATED,16785408
2026-02-23 05:02:09,89011703274044237859,TBRA,ACTIVATED,16785408
2026-02-23 05:02:13,89011703274044237875,MXCA,ACTIVATED,18692096
2026-02-23 05:02:17,89011703274044237909,MXSC,ACTIVATED,18883584
2026-02-23 05:02:21,89011703274044237917,TAMR,ACTIVATED,18883584
2026-02-23 05:02:24,89011703274044237925,WADH,ACTIVATED,10498048
2026-02-23 05:02:28,89011703274044237933,KINC,ACTIVATED,18883584
2026-02-23 05:02:31,89011703274044237941,ILWA,ACTIVATED,14687232
2026-02-23 05:02:35,89011703274044237958,GAAV,ACTIVATED,18883584
2026-02-23 05:02:38,89011703274044802389,PACN,ACTIVATED,18883584
2026-02-23 05:02:42,89011703274044802413,PAFV,ACTIVATED,18883584
2026-02-23 05:02:45,89011703274044802421,INNW,ACTIVATED,0
2026-02-23 05:02:49,89011703274044802439,IDRY,ACTIVATED,853382144
2026-02-23 05:02:52,89011703274044802447,PAMG,ACTIVATED,20981760
2026-02-23 05:02:56,89011703274044802454,NJEH,ACTIVATED,0
2026-02-23 05:02:59,89011703274044803460,ILLV,ACTIVATED,18883584
2026-02-23 05:03:03,89011703274044803478,INKO,ACTIVATED,0
2026-02-23 05:03:07,89011703274044803486,INNP,ACTIVATED,18883584
2026-02-23 05:03:11,89011703274044803494,MECH,ACTIVATED,0
2026-02-23 05:03:14,89011703274044803502,INAV,ACTIVATED,15870976
2026-02-23 05:03:18,89011703274044803510,INMN,ACTIVATED,18883584
2026-02-23 05:03:22,89011703274044803536,INGD,ACTIVATED,0
2026-02-23 05:03:25,89011703274044803544,ININ,ACTIVATED,18883584
2026-02-23 05:03:29,89011703274044803569,INDM,ACTIVATED,18883584
2026-02-23 05:03:32,89011703274044803577,ILTP,ACTIVATED,18883584
2026-02-23 05:03:36,89011703274044803593,ILSN,ACTIVATED,18883584
2026-02-23 05:03:39,89011703274044803601,INCT,ACTIVATED,18883584
2026-02-23 05:03:43,89011703274044803619,ILRI,ACTIVATED,18883584
2026-02-23 05:03:46,89011703274044803627,ILVD,ACTIVATED,18883584
2026-02-23 05:03:50,89011703274044803635,MASP,ACTIVATED,18883584
2026-02-23 05:03:53,89011703274044803643,MDAN,ACTIVATED,18883584
2026-02-23 05:03:57,89011703274044803650,ILRC,ACTIVATED,18171904
2026-02-23 05:04:00,89011703274044803676,CTNH,ACTIVATED,18883584
2026-02-23 05:04:04,89011703274044803684,CTWT,ACTIVATED,18883584
2026-02-23 05:04:08,89011703274044803692,ILDK,ACTIVATED,0
2026-02-23 05:04:12,89011703274044803700,CTWF,ACTIVATED,18883584
2026-02-23 05:04:16,89011703274044803718,IDWR,ACTIVATED,18883584
2026-02-23 05:04:20,89011703274044803726,INWN,ACTIVATED,18883584
2026-02-23 05:04:23,89011703274044803742,IDBS,ACTIVATED,20133888
2026-02-23 05:04:27,89011703274044803759,IDSY,ACTIVATED,18883584
2026-02-23 05:04:30,89011703274044803767,ILDV,ACTIVATED,18883584
2026-02-23 05:04:34,89011703274044803775,ILDP,ACTIVATED,25178112
2026-02-23 05:04:37,89011703274044803783,CTOX,ACTIVATED,18883584
2026-02-23 05:04:41,89011703274044803791,CTHF,ACTIVATED,18883584
2026-02-23 05:04:44,89011703274044803809,ILCS,ACTIVATED,1061728256
2026-02-23 05:04:48,89011703274044803817,IDNP,ACTIVATED,25178112
2026-02-23 05:04:51,89011703274044803825,IDPR,ACTIVATED,0
2026-02-23 05:04:55,89011703274044803833,IDDK,ACTIVATED,2690102272
2026-02-23 05:04:58,89011703274044803841,IDAN,ACTIVATED,25178112
2026-02-23 05:05:02,89011703274044803890,KSKC,ACTIVATED,18883584
2026-02-23 05:05:06,89011703274044803908,ILPN,ACTIVATED,0
2026-02-23 05:05:10,89011703274044803916,ILGB,ACTIVATED,15876096
2026-02-23 05:05:13,89011703274044803924,IDTN,ACTIVATED,0
2026-02-23 05:05:17,89011703274044803932,IDBR,ACTIVATED,0
2026-02-23 05:05:21,89011703274044803940,IDCW,ACTIVATED,0
2026-02-23 05:05:25,89011703274044803957,IDRT,ACTIVATED,20833280
2026-02-23 05:05:28,89011703274291052308,TAMW,ACTIVATED,0
2026-02-23 05:05:32,89011703274303619904,MUUR,ACTIVATED,25178112
2026-02-23 05:05:35,89011703274303620068,WYPD,ACTIVATED,16785408
2026-02-23 05:05:38,89011703274303620076,PACP,ACTIVATED,2339633152
2026-02-23 05:05:42,89011703274303620167,MABL,ACTIVATED,18883584
2026-02-23 05:05:45,89011703274303620175,MAYP,ACTIVATED,18883584
2026-02-23 05:05:49,89011703274303620688,TNUM,ACTIVATED,23079936
2026-02-23 05:05:52,89011703274303620696,TPCB,ACTIVATED,1284209664
2026-02-23 05:05:56,89011703274303620738,PACK,ACTIVATED,0
2026-02-23 05:05:59,89011703274303620746,CAPE,ACTIVATED,3105516544
2026-02-23 05:06:03,89011703274303620753,FLWN,ACTIVATED,239211520
2026-02-23 05:06:07,89011703274303620761,ORHN,ACTIVATED,0
2026-02-23 05:06:11,89011703274303620779,WASS,ACTIVATED,4429629440
2026-02-23 05:06:15,89011703274303620787,TSTT,ACTIVATED,0
2026-02-23 05:06:19,89011703274303620795,TMIV,ACTIVATED,2016800768
2026-02-23 05:06:22,89011703274303620803,TWNH,ACTIVATED,23079936
2026-02-23 05:06:26,89011703274303620811,TNOL,ACTIVATED,25150464
2026-02-23 05:06:29,89011703274303620829,TWSK,ACTIVATED,4265256960
2026-02-23 05:06:33,89011703274303620928,TXRN,ACTIVATED,18054144
2026-02-23 05:06:36,89011703274303620936,CARO,ACTIVATED,18487296
2026-02-23 05:06:39,89011703274303621009,FLBO,ACTIVATED,0
2026-02-23 05:06:43,89011703274303621025,TGPH,ACTIVATED,16785408
2026-02-23 05:06:46,89011703274303621041,FLPM,ACTIVATED,0
2026-02-23 05:06:50,89011703274303621074,MASC,ACTIVATED,0
2026-02-23 05:06:53,89011703274303621082,TCLD,ACTIVATED,495202304
2026-02-23 05:06:57,89011703274303621132,TDUN,ACTIVATED,1282084864
2026-02-23 05:07:00,89011703274303621140,CAPB,ACTIVATED,20981760
2026-02-23 05:07:04,89011703274303621199,IDSV,ACTIVATED,19082240
2026-02-23 05:07:08,89011703274303621223,PAHG,ACTIVATED,0
2026-02-23 05:07:12,89011703274303621231,FLVN,ACTIVATED,0
2026-02-23 05:07:16,89011703274303621272,BARR,ACTIVATED,18629632
2026-02-23 05:07:19,89011703274303621280,TWLT,ACTIVATED,1305178112
2026-02-23 05:07:23,89011703274303621314,TCTH,ACTIVATED,16785408
2026-02-23 05:07:27,89011703274303621322,FLTS,ACTIVATED,585738240
2026-02-23 05:07:30,89011703274303621330,TXDS,ACTIVATED,0
2026-02-23 05:07:33,89011703274303621348,TXV1,ACTIVATED,0
2026-02-23 05:07:37,89011703274303621355,TXBD,ACTIVATED,0
2026-02-23 05:07:40,89011703274303621363,TXAS,ACTIVATED,0
2026-02-23 05:07:44,89011703274303621371,TXSF,ACTIVATED,0
2026-02-23 05:07:47,89011703274306259302,PAUT,ACTIVATED,20981760
2026-02-23 05:07:51,89011703274306259310,PANW,ACTIVATED,18883584
2026-02-23 05:07:54,89011703274306259328,PAWD,ACTIVATED,0
2026-02-23 05:07:58,89011703274306259369,IDFH,ACTIVATED,19152896
2026-02-23 05:08:01,89011703274306259377,PAAN,ACTIVATED,0
2026-02-23 05:08:05,89011703274306259427,SCOTT_TEST,ACTIVATED,0
2026-02-23 05:08:09,89011703274306259435,ILOT,ACTIVATED,18883584
2026-02-23 05:08:13,89011703274306259443,PABV,ACTIVATED,18883584
2026-02-23 05:08:17,89011703274306259450,MAWO,ACTIVATED,18883584
2026-02-23 05:08:20,89011703274306259468,OSHA,ACTIVATED,3134946304
2026-02-23 05:08:24,89011703274306260284,NEP5,ACTIVATED,0
2026-02-23 05:08:27,89011703274306260292,EAS5,INVENTORY,0
2026-02-23 05:08:31,89011703274306260300,IAIN,ACTIVATED,25178112
2026-02-23 05:08:34,89011703274306260326,TCRL,ACTIVATED,0
2026-02-23 05:08:37,89011703274306260334,TESX,ACTIVATED,3101363200
2026-02-23 05:08:41,89011703274306260342,TMRL,ACTIVATED,17975296
2026-02-23 05:08:44,89011703274306260359,TCHT,ACTIVATED,0
2026-02-23 05:08:48,89011703274306260367,TLMG,ACTIVATED,0
2026-02-23 05:08:51,89011703274306260375,THAR,ACTIVATED,0
2026-02-23 05:08:55,89011703274306260391,TTRN,ACTIVATED,18883584
2026-02-23 05:08:58,89011703274306260409,ILMC,ACTIVATED,0
2026-02-23 05:09:02,89011703274306260417,ILRW,ACTIVATED,0
2026-02-23 05:09:06,89011703274306260433,TPRT,ACTIVATED,18883584
2026-02-23 05:09:10,89011703274306260441,CASO,ACTIVATED,0
2026-02-23 05:09:14,89011703274306260466,WIFA,ACTIVATED,18883584
2026-02-23 05:09:18,89011703274306260474,CAMC,ACTIVATED,4717133824
2026-02-23 05:09:21,89011703274306260482,NFGF,ACTIVATED,18883584
2026-02-23 05:09:25,89011703274306260490,TCRN,ACTIVATED,2572599296
2026-02-23 05:09:29,89011703274306260508,TSCB,ACTIVATED,0
2026-02-23 05:09:32,89011703274306260516,TUXB,ACTIVATED,0
2026-02-23 05:09:36,89011703274306260524,TBOW,ACTIVATED,10490880
2026-02-23 05:09:39,89011703274306260532,TRIT,INVENTORY,0
2026-02-23 05:09:43,89011703274306260540,GAFP,ACTIVATED,2692142080
2026-02-23 05:09:46,89011703274306260557,GAWA,ACTIVATED,17302528
2026-02-23 05:09:50,89011703274306260565,TTEC,ACTIVATED,0
2026-02-23 05:09:53,89011703274306260573,MSSL,ACTIVATED,16785408
2026-02-23 05:09:57,89011703274306260581,INIS,ACTIVATED,0
2026-02-23 05:10:00,89011703274306260599,INFT,ACTIVATED,25178112
2026-02-23 05:10:04,89011703274306260607,NFTY,ACTIVATED,20981760
2026-02-23 05:10:08,89011703274306260615,KYSL,ACTIVATED,18883584
2026-02-23 05:10:12,89011703274306260623,WAML,ACTIVATED,20981760
2026-02-23 05:10:15,89011703274306260631,MISW,ACTIVATED,20981760
2026-02-23 05:10:19,89011703274306260649,MITV,ACTIVATED,18883584
2026-02-23 05:10:23,89011703274306260664,MIGR,ACTIVATED,18883584
2026-02-23 05:10:27,89011703274306260672,KYLV,ACTIVATED,16752640
2026-02-23 05:10:30,89011703274306260680,MIWN,ACTIVATED,1806336
2026-02-23 05:10:34,89011703274306260698,FLML,ACTIVATED,0
2026-02-23 05:10:37,89011703274306260706,FLPD,ACTIVATED,0
2026-02-23 05:10:41,89011703274306260714,FLPV,ACTIVATED,0
2026-02-23 05:10:44,89011703274306260730,AZHV,ACTIVATED,16631808
2026-02-23 05:10:48,89011703274306260755,ORPL,ACTIVATED,7111680
2026-02-23 05:10:51,89011703274306260763,TXKN,ACTIVATED,0
2026-02-23 05:10:55,89011703274306260771,MOWN,ACTIVATED,18883584
2026-02-23 05:10:58,89011703278777933097,CATY,ACTIVATED,2792914944
2026-02-23 05:11:02,89011703278778020142,ORWV,ACTIVATED,0
2026-02-23 05:11:05,89011703278778198195,CAAL,ACTIVATED,2150737920
2026-02-23 05:11:09,89011703274291052357,IVAL,ACTIVATED,772205568
2026-02-23 05:11:13,89011702274315571912,ILLK,ACTIVATED,2769839104
2026-02-23 05:11:17,89011702274410155280,Macon Rover,ACTIVATED,11271168
2026-02-23 05:11:21,89011702274410155330,GAMA,ACTIVATED,1674442752
2026-02-23 05:11:24,89011702274410155348,GAMH,ACTIVATED,17002496
2026-02-23 05:11:28,89011703274303620837,VALN,ACTIVATED,18883584
2026-02-23 05:11:31,89011703274303620878,VAAX,ACTIVATED,18883584
2026-02-23 05:11:35,89011702274410155355,GATC,ACTIVATED,16785408
2026-02-23 05:11:38,89011702274410155363,GAMS,ACTIVATED,16785408
2026-02-23 05:11:42,89011702274410155371,GADN,ACTIVATED,15836160
2026-02-23 05:11:45,89011702274410155389,GADV,ACTIVATED,16785408
2026-02-23 05:11:49,89011702274410156551,ILEF,ACTIVATED,2803431424
2026-02-23 05:11:52,89011702274410156577,IDJM,ACTIVATED,18754560
2026-02-23 05:11:56,89011702274410156890,GAWB,ACTIVATED,2637578240
2026-02-23 05:11:59,89011702274410156908,GAST,ACTIVATED,4278554624
2026-02-23 05:12:03,89011702274410157005,GAMO,ACTIVATED,0
2026-02-23 05:12:07,89011702274410157013,WATC,ACTIVATED,0
2026-02-23 05:12:11,89011702274410157021,WAKN,ACTIVATED,2608240640
2026-02-23 05:12:15,89011702274410157039,WAMV,ACTIVATED,0
2026-02-23 05:12:19,89011702274410157047,WAWW,ACTIVATED,0
2026-02-23 05:12:22,89011702274410157054,WARL,ACTIVATED,0
2026-02-23 05:12:26,89011702274410157062,WAPC,ACTIVATED,2849571840
2026-02-23 05:12:29,89011702274410157070,WABU,ACTIVATED,0
2026-02-23 05:12:33,89011702274410157088,WABC,ACTIVATED,0
2026-02-23 05:12:36,89011702274410157096,CAVC,ACTIVATED,2643921920
2026-02-23 08:35:41,89011702274410157104,CASM,ACTIVATED,8192
2026-02-23 08:35:44,89011702274410157112,CARD,ACTIVATED,0
2026-02-23 08:35:48,89011702274410157120,CAMT,ACTIVATED,0
2026-02-23 08:35:51,89011702274410157138,CAAB,ACTIVATED,0
2026-02-24 05:00:15,89011702274410157195,MAX1,ACTIVATED,0
2026-02-24 05:00:19,89011702274410157203,NVRN,ACTIVATED,0
2026-02-24 05:00:23,89011702274410157211,STHE,ACTIVATED,0
2026-02-24 05:00:27,89011702274410157229,OREU,ACTIVATED,14687232
2026-02-24 05:00:30,89011702274410157237,WASP,ACTIVATED,3330628608
2026-02-24 05:00:34,89011702274410157245,IDPY,ACTIVATED,0
2026-02-24 05:00:37,89011702274410157252,ORUG,ACTIVATED,20981760
2026-02-24 05:00:41,89011702274410157260,ORHG,ACTIVATED,20981760
2026-02-24 05:00:45,89011702274410157484,GATY,ACTIVATED,20981760
2026-02-24 05:00:48,89011703274044237362,ILDC,ACTIVATED,23079936
2026-02-24 05:00:52,89011703274044237396,IDGV,ACTIVATED,1495680000
2026-02-24 05:00:55,89011703274044237404,IDMH,ACTIVATED,1107082240
2026-02-24 05:00:59,89011703274044237420,PATS,ACTIVATED,23079936
2026-02-24 05:01:03,89011703274044237438,NHCD,ACTIVATED,3409831936
2026-02-24 05:01:07,89011703274044237446,ILCY,ACTIVATED,3072
2026-02-24 05:01:10,89011703274044237453,CARM,ACTIVATED,22298624
2026-02-24 05:01:14,89011703274044237511,TWFD,ACTIVATED,2132334592
2026-02-24 05:01:18,89011703274044237529,LABC,ACTIVATED,23079936
2026-02-24 05:01:22,89011703274044237537,TSHK,ACTIVATED,23079936
2026-02-24 05:01:26,89011703274044237685,ILBG,ACTIVATED,22751232
2026-02-24 05:01:29,89011703274044237701,ILKX,ACTIVATED,0
2026-02-24 05:01:33,89011703274044237719,TACN,ACTIVATED,23079936
2026-02-24 05:01:36,89011703274044237735,TBRM,ACTIVATED,23079936
2026-02-24 05:01:40,89011703274044237743,TPKG,ACTIVATED,23079936
2026-02-24 05:01:43,89011703274044237750,MXMY,ACTIVATED,2048
2026-02-24 05:01:47,89011703274044237784,THMN,ACTIVATED,23294976
2026-02-24 05:01:50,89011703274044237792,TMIL,ACTIVATED,0
2026-02-24 05:01:54,89011703274044237800,GAJS,ACTIVATED,23079936
2026-02-24 05:01:57,89011703274044237818,QCB0,ACTIVATED,23079936
2026-02-24 05:02:01,89011703274044237826,INBG,ACTIVATED,3252466688
2026-02-24 05:02:05,89011703274044237834,LAMN,ACTIVATED,23079936
2026-02-24 05:02:09,89011703274044237859,TBRA,ACTIVATED,23079936
2026-02-24 05:02:12,89011703274044237875,MXCA,ACTIVATED,23335936
2026-02-24 05:02:16,89011703274044237909,MXSC,ACTIVATED,54556672
2026-02-24 05:02:20,89011703274044237917,TAMR,ACTIVATED,23079936
2026-02-24 05:02:24,89011703274044237925,WADH,ACTIVATED,12598272
2026-02-24 05:02:27,89011703274044237933,KINC,ACTIVATED,23079936
2026-02-24 05:02:31,89011703274044237941,ILWA,ACTIVATED,16785408
2026-02-24 05:02:34,89011703274044237958,GAAV,ACTIVATED,25178112
2026-02-24 05:02:38,89011703274044802389,PACN,ACTIVATED,23920640
2026-02-24 05:02:41,89011703274044802413,PAFV,ACTIVATED,25178112
2026-02-24 05:02:45,89011703274044802421,INNW,ACTIVATED,0
2026-02-24 05:02:48,89011703274044802439,IDRY,ACTIVATED,857578496
2026-02-24 05:02:52,89011703274044802447,PAMG,ACTIVATED,25178112
2026-02-24 05:02:55,89011703274044802454,NJEH,ACTIVATED,0
2026-02-24 05:02:59,89011703274044803460,ILLV,ACTIVATED,23079936
2026-02-24 05:03:03,89011703274044803478,INKO,ACTIVATED,0
2026-02-24 05:03:06,89011703274044803486,INNP,ACTIVATED,23079936
2026-02-24 05:03:10,89011703274044803494,MECH,ACTIVATED,0
2026-02-24 05:03:14,89011703274044803502,INAV,ACTIVATED,20067328
2026-02-24 05:03:18,89011703274044803510,INMN,ACTIVATED,23079936
2026-02-24 05:03:22,89011703274044803536,INGD,ACTIVATED,0
2026-02-24 05:03:25,89011703274044803544,ININ,ACTIVATED,23079936
2026-02-24 05:03:29,89011703274044803569,INDM,ACTIVATED,23079936
2026-02-24 05:03:32,89011703274044803577,ILTP,ACTIVATED,23079936
2026-02-24 05:03:36,89011703274044803593,ILSN,ACTIVATED,23079936
2026-02-24 05:03:39,89011703274044803601,INCT,ACTIVATED,23079936
2026-02-24 05:03:43,89011703274044803619,ILRI,ACTIVATED,23079936
2026-02-24 05:03:46,89011703274044803627,ILVD,ACTIVATED,23079936
2026-02-24 05:03:49,89011703274044803635,MASP,ACTIVATED,23079936
2026-02-24 05:03:53,89011703274044803643,MDAN,ACTIVATED,23079936
2026-02-24 05:03:56,89011703274044803650,ILRC,ACTIVATED,22368256
2026-02-24 05:04:00,89011703274044803676,CTNH,ACTIVATED,23079936
2026-02-24 05:04:04,89011703274044803684,CTWT,ACTIVATED,23079936
2026-02-24 05:04:08,89011703274044803692,ILDK,ACTIVATED,0
2026-02-24 05:04:12,89011703274044803700,CTWF,ACTIVATED,23079936
2026-02-24 05:04:15,89011703274044803718,IDWR,ACTIVATED,23079936
2026-02-24 05:04:19,89011703274044803726,INWN,ACTIVATED,23079936
2026-02-24 05:04:23,89011703274044803742,IDBS,ACTIVATED,25170944
2026-02-24 05:04:26,89011703274044803759,IDSY,ACTIVATED,23079936
2026-02-24 05:04:30,89011703274044803767,ILDV,ACTIVATED,23079936
2026-02-24 05:04:33,89011703274044803775,ILDP,ACTIVATED,31472640
2026-02-24 05:04:37,89011703274044803783,CTOX,ACTIVATED,23079936
2026-02-24 05:04:40,89011703274044803791,CTHF,ACTIVATED,23079936
2026-02-24 05:04:44,89011703274044803809,ILCS,ACTIVATED,1311423488
2026-02-24 05:04:47,89011703274044803817,IDNP,ACTIVATED,28148736
2026-02-24 05:04:51,89011703274044803825,IDPR,ACTIVATED,0
2026-02-24 05:04:54,89011703274044803833,IDDK,ACTIVATED,3327060992
2026-02-24 05:04:58,89011703274044803841,IDAN,ACTIVATED,38201344
2026-02-24 05:05:01,89011703274044803890,KSKC,ACTIVATED,23079936
2026-02-24 05:05:05,89011703274044803908,ILPN,ACTIVATED,0
2026-02-24 05:05:09,89011703274044803916,ILGB,ACTIVATED,20072448
2026-02-24 05:05:13,89011703274044803924,IDTN,ACTIVATED,0
2026-02-24 05:05:17,89011703274044803932,IDBR,ACTIVATED,0
2026-02-24 05:05:21,89011703274044803940,IDCW,ACTIVATED,0
2026-02-24 05:05:24,89011703274044803957,IDRT,ACTIVATED,25029632
2026-02-24 05:05:28,89011703274291052308,TAMW,ACTIVATED,0
2026-02-24 05:05:31,89011703274303619904,MUUR,ACTIVATED,29374464
2026-02-24 05:05:35,89011703274303620068,WYPD,ACTIVATED,20981760
2026-02-24 05:05:38,89011703274303620076,PACP,ACTIVATED,2914574336
2026-02-24 05:05:42,89011703274303620167,MABL,ACTIVATED,124774400
2026-02-24 05:05:45,89011703274303620175,MAYP,ACTIVATED,26933248
2026-02-24 05:05:49,89011703274303620688,TNUM,ACTIVATED,29374464
2026-02-24 05:05:52,89011703274303620696,TPCB,ACTIVATED,1588482048
2026-02-24 05:05:56,89011703274303620738,PACK,ACTIVATED,0
2026-02-24 05:05:59,89011703274303620746,CAPE,ACTIVATED,3823130624
2026-02-24 05:06:03,89011703274303620753,FLWN,ACTIVATED,245506048
2026-02-24 05:06:07,89011703274303620761,ORHN,ACTIVATED,0
2026-02-24 05:06:11,89011703274303620779,WASS,ACTIVATED,5539667968
2026-02-24 05:06:15,89011703274303620787,TSTT,ACTIVATED,0
2026-02-24 05:06:19,89011703274303620795,TMIV,ACTIVATED,2681992192
2026-02-24 05:06:22,89011703274303620803,TWNH,ACTIVATED,27276288
2026-02-24 05:06:26,89011703274303620811,TNOL,ACTIVATED,29346816
2026-02-24 05:06:29,89011703274303620829,TWSK,ACTIVATED,5431941120
2026-02-24 05:06:33,89011703274303620928,TXRN,ACTIVATED,22250496
2026-02-24 05:06:36,89011703274303620936,CARO,ACTIVATED,23738368
2026-02-24 05:06:40,89011703274303621009,FLBO,ACTIVATED,0
2026-02-24 05:06:43,89011703274303621025,TGPH,ACTIVATED,23079936
2026-02-24 05:06:47,89011703274303621041,FLPM,ACTIVATED,0
2026-02-24 05:06:50,89011703274303621074,MASC,ACTIVATED,1423360
2026-02-24 05:06:54,89011703274303621082,TCLD,ACTIVATED,753290240
2026-02-24 05:06:57,89011703274303621132,TDUN,ACTIVATED,1588450304
2026-02-24 05:07:01,89011703274303621140,CAPB,ACTIVATED,25178112
2026-02-24 05:07:05,89011703274303621199,IDSV,ACTIVATED,24612864
2026-02-24 05:07:09,89011703274303621223,PAHG,ACTIVATED,0
2026-02-24 05:07:13,89011703274303621231,FLVN,ACTIVATED,0
2026-02-24 05:07:16,89011703274303621272,BARR,ACTIVATED,22825984
2026-02-24 05:07:20,89011703274303621280,TWLT,ACTIVATED,1617827840
2026-02-24 05:07:24,89011703274303621314,TCTH,ACTIVATED,23079936
2026-02-24 05:07:27,89011703274303621322,FLTS,ACTIVATED,1127116800
2026-02-24 05:07:31,89011703274303621330,TXDS,ACTIVATED,0
2026-02-24 05:07:34,89011703274303621348,TXV1,ACTIVATED,0
2026-02-24 05:07:38,89011703274303621355,TXBD,ACTIVATED,0
2026-02-24 05:07:41,89011703274303621363,TXAS,ACTIVATED,0
2026-02-24 05:07:45,89011703274303621371,TXSF,ACTIVATED,0
2026-02-24 05:07:48,89011703274306259302,PAUT,ACTIVATED,25178112
2026-02-24 05:07:52,89011703274306259310,PANW,ACTIVATED,25178112
2026-02-24 05:07:55,89011703274306259328,PAWD,ACTIVATED,0
2026-02-24 05:07:59,89011703274306259369,IDFH,ACTIVATED,23349248
2026-02-24 05:08:02,89011703274306259377,PAAN,ACTIVATED,0
2026-02-24 05:08:06,89011703274306259427,SCOTT_TEST,ACTIVATED,0
2026-02-24 05:08:10,89011703274306259435,ILOT,ACTIVATED,23079936
2026-02-24 05:08:14,89011703274306259443,PABV,ACTIVATED,25178112
2026-02-24 05:08:18,89011703274306259450,MAWO,ACTIVATED,23079936
2026-02-24 05:08:22,89011703274306259468,OSHA,ACTIVATED,3625644032
2026-02-24 05:08:25,89011703274306260284,NEP5,ACTIVATED,0
2026-02-24 05:08:29,89011703274306260292,EAS5,INVENTORY,0
2026-02-24 05:08:32,89011703274306260300,IAIN,ACTIVATED,31472640
2026-02-24 05:08:36,89011703274306260326,TCRL,ACTIVATED,0
2026-02-24 05:08:39,89011703274306260334,TESX,ACTIVATED,3846558720
2026-02-24 05:08:42,89011703274306260342,TMRL,ACTIVATED,24269824
2026-02-24 05:08:46,89011703274306260359,TCHT,ACTIVATED,0
2026-02-24 05:08:50,89011703274306260367,TLMG,ACTIVATED,0
2026-02-24 05:08:53,89011703274306260375,THAR,ACTIVATED,0
2026-02-24 05:08:57,89011703274306260391,TTRN,ACTIVATED,23079936
2026-02-24 05:09:00,89011703274306260409,ILMC,ACTIVATED,0
2026-02-24 05:09:04,89011703274306260417,ILRW,ACTIVATED,0
2026-02-24 05:09:08,89011703274306260433,TPRT,ACTIVATED,23079936
2026-02-24 05:09:12,89011703274306260441,CASO,ACTIVATED,0
2026-02-24 05:09:16,89011703274306260466,WIFA,ACTIVATED,23079936
2026-02-24 05:09:20,89011703274306260474,CAMC,ACTIVATED,5825077248
2026-02-24 05:09:23,89011703274306260482,NFGF,ACTIVATED,23079936
2026-02-24 05:09:27,89011703274306260490,TCRN,ACTIVATED,3189512192
2026-02-24 05:09:30,89011703274306260508,TSCB,ACTIVATED,0
2026-02-24 05:09:34,89011703274306260516,TUXB,ACTIVATED,0
2026-02-24 05:09:37,89011703274306260524,TBOW,ACTIVATED,11341824
2026-02-24 05:09:41,89011703274306260532,TRIT,INVENTORY,0
2026-02-24 05:09:44,89011703274306260540,GAFP,ACTIVATED,3315341312
2026-02-24 05:09:48,89011703274306260557,GAWA,ACTIVATED,23597056
2026-02-24 05:09:51,89011703274306260565,TTEC,ACTIVATED,0
2026-02-24 05:09:55,89011703274306260573,MSSL,ACTIVATED,20981760
2026-02-24 05:09:58,89011703274306260581,INIS,ACTIVATED,344064
2026-02-24 05:10:02,89011703274306260599,INFT,ACTIVATED,31472640
2026-02-24 05:10:06,89011703274306260607,NFTY,ACTIVATED,27276288
2026-02-24 05:10:10,89011703274306260615,KYSL,ACTIVATED,23079936
2026-02-24 05:10:14,89011703274306260623,WAML,ACTIVATED,23079936
2026-02-24 05:10:17,89011703274306260631,MISW,ACTIVATED,25178112
2026-02-24 05:10:21,89011703274306260649,MITV,ACTIVATED,23079936
2026-02-24 05:10:25,89011703274306260664,MIGR,ACTIVATED,23079936
2026-02-24 05:10:28,89011703274306260672,KYLV,ACTIVATED,23047168
2026-02-24 05:10:32,89011703274306260680,MIWN,ACTIVATED,1806336
2026-02-24 05:10:35,89011703274306260698,FLML,ACTIVATED,0
2026-02-24 05:10:39,89011703274306260706,FLPD,ACTIVATED,0
2026-02-24 05:10:42,89011703274306260714,FLPV,ACTIVATED,0
2026-02-24 05:10:46,89011703274306260730,AZHV,ACTIVATED,22569984
2026-02-24 05:10:50,89011703274306260755,ORPL,ACTIVATED,7111680
2026-02-24 05:10:53,89011703274306260763,TXKN,ACTIVATED,0
2026-02-24 05:10:57,89011703274306260771,MOWN,ACTIVATED,23181312
2026-02-24 05:11:00,89011703278777933097,CATY,ACTIVATED,3443406848
2026-02-24 05:11:04,89011703278778020142,ORWV,ACTIVATED,0
2026-02-24 05:11:08,89011703278778198195,CAAL,ACTIVATED,2654324736
2026-02-24 05:11:12,89011703274291052357,IVAL,ACTIVATED,956859392
2026-02-24 05:11:16,89011702274315571912,ILLK,ACTIVATED,3424537600
2026-02-24 05:11:20,89011702274410155280,Macon Rover,ACTIVATED,13369344
2026-02-24 05:11:23,89011702274410155330,GAMA,ACTIVATED,2297640960
2026-02-24 05:11:27,89011702274410155348,GAMH,ACTIVATED,23297024
2026-02-24 05:11:30,89011703274303620837,VALN,ACTIVATED,41964544
2026-02-24 05:11:34,89011703274303620878,VAAX,ACTIVATED,23079936
2026-02-24 05:11:37,89011702274410155355,GATC,ACTIVATED,23079936
2026-02-24 05:11:41,89011702274410155363,GAMS,ACTIVATED,20981760
2026-02-24 05:11:44,89011702274410155371,GADN,ACTIVATED,22130688
2026-02-24 05:11:48,89011702274410155389,GADV,ACTIVATED,44062720
2026-02-24 05:11:51,89011702274410156551,ILEF,ACTIVATED,3495895040
2026-02-24 05:11:55,89011702274410156577,IDJM,ACTIVATED,22950912
2026-02-24 05:11:58,89011702274410156890,GAWB,ACTIVATED,3237698560
2026-02-24 05:12:02,89011702274410156908,GAST,ACTIVATED,5308853248
2026-02-24 05:12:06,89011702274410157005,GAMO,ACTIVATED,0
2026-02-24 05:12:10,89011702274410157013,WATC,ACTIVATED,0
2026-02-24 05:12:14,89011702274410157021,WAKN,ACTIVATED,3241952256
2026-02-24 05:12:18,89011702274410157039,WAMV,ACTIVATED,0
2026-02-24 05:12:21,89011702274410157047,WAWW,ACTIVATED,0
2026-02-24 05:12:25,89011702274410157054,WARL,ACTIVATED,0
2026-02-24 05:12:28,89011702274410157062,WAPC,ACTIVATED,3481175040
2026-02-24 05:12:32,89011702274410157070,WABU,ACTIVATED,0
2026-02-24 05:12:35,89011702274410157088,WABC,ACTIVATED,0
2026-02-24 05:12:39,89011702274410157096,CAVC,ACTIVATED,3267135488
2026-02-24 05:12:42,89011702274410157104,CASM,ACTIVATED,10240
2026-02-24 05:12:46,89011702274410157112,CARD,ACTIVATED,0
2026-02-24 05:12:49,89011702274410157120,CAMT,ACTIVATED,0
2026-02-24 05:12:53,89011702274410157138,CAAB,ACTIVATED,0
2026-02-24 08:24:54,89011702274410157146,ORKF,ACTIVATED,23079936
2026-02-24 08:24:57,89011702274410157153,ORBD,ACTIVATED,20981760
2026-02-24 08:25:01,89011702274410157161,ORMS,ACTIVATED,2098176
2026-02-24 08:25:04,89011702274410157179,WAYK,ACTIVATED,23079936
2026-02-24 08:25:08,89011702274410157187,WAWN,ACTIVATED,9096192
2026-02-25 05:00:18,89011702274410157229,OREU,ACTIVATED,16785408
2026-02-25 05:00:22,89011702274410157237,WASP,ACTIVATED,3964337152
2026-02-25 05:00:25,89011702274410157245,IDPY,ACTIVATED,0
2026-02-25 05:00:29,89011702274410157252,ORUG,ACTIVATED,27276288
2026-02-25 05:00:33,89011702274410157260,ORHG,ACTIVATED,31473664
2026-02-25 05:00:36,89011702274410157484,GATY,ACTIVATED,27276288
2026-02-25 05:00:40,89011703274044237362,ILDC,ACTIVATED,27276288
2026-02-25 05:00:44,89011703274044237396,IDGV,ACTIVATED,1926670336
2026-02-25 05:00:47,89011703274044237404,IDMH,ACTIVATED,1239755776
2026-02-25 05:00:51,89011703274044237420,PATS,ACTIVATED,29374464
2026-02-25 05:00:54,89011703274044237438,NHCD,ACTIVATED,4072910848
2026-02-25 05:00:58,89011703274044237446,ILCY,ACTIVATED,4096
2026-02-25 05:01:02,89011703274044237453,CARM,ACTIVATED,28593152
2026-02-25 05:01:05,89011703274044237511,TWFD,ACTIVATED,2140726272
2026-02-25 05:01:09,89011703274044237529,LABC,ACTIVATED,27276288
2026-02-25 05:01:13,89011703274044237537,TSHK,ACTIVATED,27276288
2026-02-25 05:01:17,89011703274044237685,ILBG,ACTIVATED,26947584
2026-02-25 05:01:21,89011703274044237701,ILKX,ACTIVATED,0
2026-02-25 05:01:25,89011703274044237719,TACN,ACTIVATED,690352128
2026-02-25 05:01:29,89011703274044237735,TBRM,ACTIVATED,29374464
2026-02-25 05:01:32,89011703274044237743,TPKG,ACTIVATED,27276288
2026-02-25 05:01:36,89011703274044237750,MXMY,ACTIVATED,2048
2026-02-25 05:01:39,89011703274044237784,THMN,ACTIVATED,27491328
2026-02-25 05:01:43,89011703274044237792,TMIL,ACTIVATED,0
2026-02-25 05:01:46,89011703274044237800,GAJS,ACTIVATED,27276288
2026-02-25 05:01:50,89011703274044237818,QCB0,ACTIVATED,27276288
2026-02-25 05:01:54,89011703274044237826,INBG,ACTIVATED,3884078080
2026-02-25 05:01:57,89011703274044237834,LAMN,ACTIVATED,276969472
2026-02-25 05:02:01,89011703274044237859,TBRA,ACTIVATED,27276288
2026-02-25 05:02:05,89011703274044237875,MXCA,ACTIVATED,27532288
2026-02-25 05:02:09,89011703274044237909,MXSC,ACTIVATED,581227520
2026-02-25 05:02:13,89011703274044237917,TAMR,ACTIVATED,29374464
2026-02-25 05:02:17,89011703274044237925,WADH,ACTIVATED,16796672
2026-02-25 05:02:21,89011703274044237933,KINC,ACTIVATED,27276288
2026-02-25 05:02:24,89011703274044237941,ILWA,ACTIVATED,20981760
2026-02-25 05:02:28,89011703274044237958,GAAV,ACTIVATED,29374464
2026-02-25 05:02:31,89011703274044802389,PACN,ACTIVATED,28116992
2026-02-25 05:02:35,89011703274044802413,PAFV,ACTIVATED,29374464
2026-02-25 05:02:39,89011703274044802421,INNW,ACTIVATED,0
2026-02-25 05:02:42,89011703274044802439,IDRY,ACTIVATED,861774848
2026-02-25 05:02:46,89011703274044802447,PAMG,ACTIVATED,29374464
2026-02-25 05:02:49,89011703274044802454,NJEH,ACTIVATED,0
2026-02-25 05:02:53,89011703274044803460,ILLV,ACTIVATED,27276288
2026-02-25 05:02:56,89011703274044803478,INKO,ACTIVATED,0
2026-02-25 05:03:00,89011703274044803486,INNP,ACTIVATED,27276288
2026-02-25 05:03:04,89011703274044803494,MECH,ACTIVATED,0
2026-02-25 05:03:08,89011703274044803502,INAV,ACTIVATED,26361856
2026-02-25 05:03:12,89011703274044803510,INMN,ACTIVATED,27276288
2026-02-25 05:03:16,89011703274044803536,INGD,ACTIVATED,0
2026-02-25 05:03:20,89011703274044803544,ININ,ACTIVATED,27276288
2026-02-25 05:03:23,89011703274044803569,INDM,ACTIVATED,29374464
2026-02-25 05:03:27,89011703274044803577,ILTP,ACTIVATED,27276288
2026-02-25 05:03:31,89011703274044803593,ILSN,ACTIVATED,29374464
2026-02-25 05:03:34,89011703274044803601,INCT,ACTIVATED,27276288
2026-02-25 05:03:38,89011703274044803619,ILRI,ACTIVATED,29374464
2026-02-25 05:03:41,89011703274044803627,ILVD,ACTIVATED,27276288
2026-02-25 05:03:45,89011703274044803635,MASP,ACTIVATED,27276288
2026-02-25 05:03:49,89011703274044803643,MDAN,ACTIVATED,27276288
2026-02-25 05:03:52,89011703274044803650,ILRC,ACTIVATED,26564608
2026-02-25 05:03:56,89011703274044803676,CTNH,ACTIVATED,27276288
2026-02-25 05:03:59,89011703274044803684,CTWT,ACTIVATED,27276288
2026-02-25 05:04:03,89011703274044803692,ILDK,ACTIVATED,0
2026-02-25 05:04:07,89011703274044803700,CTWF,ACTIVATED,29374464
2026-02-25 05:04:11,89011703274044803718,IDWR,ACTIVATED,28637184
2026-02-25 05:04:15,89011703274044803726,INWN,ACTIVATED,27276288
2026-02-25 05:04:19,89011703274044803742,IDBS,ACTIVATED,29367296
2026-02-25 05:04:23,89011703274044803759,IDSY,ACTIVATED,28328960
2026-02-25 05:04:26,89011703274044803767,ILDV,ACTIVATED,27276288
2026-02-25 05:04:30,89011703274044803775,ILDP,ACTIVATED,35668992
2026-02-25 05:04:33,89011703274044803783,CTOX,ACTIVATED,29374464
2026-02-25 05:04:37,89011703274044803791,CTHF,ACTIVATED,27276288
2026-02-25 05:04:41,89011703274044803809,ILCS,ACTIVATED,1563211776
2026-02-25 05:04:44,89011703274044803817,IDNP,ACTIVATED,34420736
2026-02-25 05:04:48,89011703274044803825,IDPR,ACTIVATED,0
2026-02-25 05:04:51,89011703274044803833,IDDK,ACTIVATED,3973447680
2026-02-25 05:04:55,89011703274044803841,IDAN,ACTIVATED,272727040
2026-02-25 05:04:58,89011703274044803890,KSKC,ACTIVATED,27276288
2026-02-25 05:05:02,89011703274044803908,ILPN,ACTIVATED,0
2026-02-25 05:05:06,89011703274044803916,ILGB,ACTIVATED,24268800
2026-02-25 05:05:10,89011703274044803924,IDTN,ACTIVATED,0
2026-02-25 05:05:14,89011703274044803932,IDBR,ACTIVATED,0
2026-02-25 05:05:18,89011703274044803940,IDCW,ACTIVATED,0
2026-02-25 05:05:22,89011703274044803957,IDRT,ACTIVATED,29225984
2026-02-25 05:05:25,89011703274291052308,TAMW,ACTIVATED,0
2026-02-25 05:05:29,89011703274303619904,MUUR,ACTIVATED,35668992
2026-02-25 05:05:32,89011703274303620068,WYPD,ACTIVATED,25178112
2026-02-25 05:05:36,89011703274303620076,PACP,ACTIVATED,3497903104
2026-02-25 05:05:39,89011703274303620167,MABL,ACTIVATED,269562880
2026-02-25 05:05:43,89011703274303620175,MAYP,ACTIVATED,33227776
2026-02-25 05:05:47,89011703274303620688,TNUM,ACTIVATED,33570816
2026-02-25 05:05:50,89011703274303620696,TPCB,ACTIVATED,1896939520
2026-02-25 05:05:54,89011703274303620738,PACK,ACTIVATED,0
2026-02-25 05:05:57,89011703274303620746,CAPE,ACTIVATED,4559638528
2026-02-25 05:06:01,89011703274303620753,FLWN,ACTIVATED,249702400
2026-02-25 05:06:05,89011703274303620761,ORHN,ACTIVATED,0
2026-02-25 05:06:09,89011703274303620779,WASS,ACTIVATED,6506906624
2026-02-25 05:06:13,89011703274303620787,TSTT,ACTIVATED,0
2026-02-25 05:06:17,89011703274303620795,TMIV,ACTIVATED,3349273600
2026-02-25 05:06:21,89011703274303620803,TWNH,ACTIVATED,31472640
2026-02-25 05:06:24,89011703274303620811,TNOL,ACTIVATED,33543168
2026-02-25 05:06:28,89011703274303620829,TWSK,ACTIVATED,6397209600
2026-02-25 05:06:31,89011703274303620928,TXRN,ACTIVATED,26446848
2026-02-25 05:06:35,89011703274303620936,CARO,ACTIVATED,27934720
2026-02-25 05:06:39,89011703274303621009,FLBO,ACTIVATED,0
2026-02-25 05:06:42,89011703274303621025,TGPH,ACTIVATED,27276288
2026-02-25 05:06:46,89011703274303621041,FLPM,ACTIVATED,0
2026-02-25 05:06:49,89011703274303621074,MASC,ACTIVATED,1653760
2026-02-25 05:06:53,89011703274303621082,TCLD,ACTIVATED,1013473280
2026-02-25 05:06:56,89011703274303621132,TDUN,ACTIVATED,1896907776
2026-02-25 05:07:00,89011703274303621140,CAPB,ACTIVATED,29374464
2026-02-25 05:07:04,89011703274303621199,IDSV,ACTIVATED,29350912
2026-02-25 05:07:08,89011703274303621223,PAHG,ACTIVATED,0
2026-02-25 05:07:12,89011703274303621231,FLVN,ACTIVATED,0
2026-02-25 05:07:16,89011703274303621272,BARR,ACTIVATED,27022336
2026-02-25 05:07:20,89011703274303621280,TWLT,ACTIVATED,1930489856
2026-02-25 05:07:24,89011703274303621314,TCTH,ACTIVATED,27276288
2026-02-25 05:07:27,89011703274303621322,FLTS,ACTIVATED,1674785792
2026-02-25 05:07:31,89011703274303621330,TXDS,ACTIVATED,0
2026-02-25 05:07:34,89011703274303621348,TXV1,ACTIVATED,0
2026-02-25 05:07:38,89011703274303621355,TXBD,ACTIVATED,0
2026-02-25 05:07:41,89011703274303621363,TXAS,ACTIVATED,0
2026-02-25 05:07:45,89011703274303621371,TXSF,ACTIVATED,0
2026-02-25 05:07:49,89011703274306259302,PAUT,ACTIVATED,29374464
2026-02-25 05:07:52,89011703274306259310,PANW,ACTIVATED,29374464
2026-02-25 05:07:56,89011703274306259328,PAWD,ACTIVATED,0
2026-02-25 05:07:59,89011703274306259369,IDFH,ACTIVATED,29717504
2026-02-25 05:08:03,89011703274306259377,PAAN,ACTIVATED,0
2026-02-25 05:08:07,89011703274306259427,SCOTT_TEST,ACTIVATED,0
2026-02-25 05:08:11,89011703274306259435,ILOT,ACTIVATED,27276288
2026-02-25 05:08:15,89011703274306259443,PABV,ACTIVATED,29374464
2026-02-25 05:08:19,89011703274306259450,MAWO,ACTIVATED,29374464
2026-02-25 05:08:23,89011703274306259468,OSHA,ACTIVATED,3629840384
2026-02-25 05:08:26,89011703274306260284,NEP5,ACTIVATED,0
2026-02-25 05:08:30,89011703274306260292,EAS5,INVENTORY,0
2026-02-25 05:08:33,89011703274306260300,IAIN,ACTIVATED,35668992
2026-02-25 05:08:37,89011703274306260326,TCRL,ACTIVATED,0
2026-02-25 05:08:40,89011703274306260334,TESX,ACTIVATED,4601972736
2026-02-25 05:08:44,89011703274306260342,TMRL,ACTIVATED,28465152
2026-02-25 05:08:48,89011703274306260359,TCHT,ACTIVATED,0
2026-02-25 05:08:51,89011703274306260367,TLMG,ACTIVATED,0
2026-02-25 05:08:55,89011703274306260375,THAR,ACTIVATED,0
2026-02-25 05:08:58,89011703274306260391,TTRN,ACTIVATED,27276288
2026-02-25 05:09:02,89011703274306260409,ILMC,ACTIVATED,0
2026-02-25 05:09:06,89011703274306260417,ILRW,ACTIVATED,0
2026-02-25 05:09:10,89011703274306260433,TPRT,ACTIVATED,27276288
2026-02-25 05:09:14,89011703274306260441,CASO,ACTIVATED,0
2026-02-25 05:09:18,89011703274306260466,WIFA,ACTIVATED,27276288
2026-02-25 05:09:22,89011703274306260474,CAMC,ACTIVATED,6935110656
2026-02-25 05:09:25,89011703274306260482,NFGF,ACTIVATED,27276288
2026-02-25 05:09:29,89011703274306260490,TCRN,ACTIVATED,3812714496
2026-02-25 05:09:32,89011703274306260508,TSCB,ACTIVATED,0
2026-02-25 05:09:36,89011703274306260516,TUXB,ACTIVATED,0
2026-02-25 05:09:39,89011703274306260524,TBOW,ACTIVATED,13440000
2026-02-25 05:09:43,89011703274306260532,TRIT,INVENTORY,0
2026-02-25 05:09:47,89011703274306260540,GAFP,ACTIVATED,3896573952
2026-02-25 05:09:50,89011703274306260557,GAWA,ACTIVATED,27793408
2026-02-25 05:09:54,89011703274306260565,TTEC,ACTIVATED,0
2026-02-25 05:09:57,89011703274306260573,MSSL,ACTIVATED,27276288
2026-02-25 05:10:01,89011703274306260581,INIS,ACTIVATED,27622400
2026-02-25 05:10:05,89011703274306260599,INFT,ACTIVATED,37767168
2026-02-25 05:10:09,89011703274306260607,NFTY,ACTIVATED,31472640
2026-02-25 05:10:13,89011703274306260615,KYSL,ACTIVATED,27276288
2026-02-25 05:10:17,89011703274306260623,WAML,ACTIVATED,25178112
2026-02-25 05:10:21,89011703274306260631,MISW,ACTIVATED,29374464
2026-02-25 05:10:24,89011703274306260649,MITV,ACTIVATED,27276288
2026-02-25 05:10:28,89011703274306260664,MIGR,ACTIVATED,27276288
2026-02-25 05:10:32,89011703274306260672,KYLV,ACTIVATED,27243520
2026-02-25 05:10:36,89011703274306260680,MIWN,ACTIVATED,1806336
2026-02-25 05:10:39,89011703274306260698,FLML,ACTIVATED,0
2026-02-25 05:10:43,89011703274306260706,FLPD,ACTIVATED,0
2026-02-25 05:10:46,89011703274306260714,FLPV,ACTIVATED,0
2026-02-25 05:10:50,89011703274306260730,AZHV,ACTIVATED,27047936
2026-02-25 05:10:53,89011703274306260755,ORPL,ACTIVATED,7111680
2026-02-25 05:10:57,89011703274306260763,TXKN,ACTIVATED,0
2026-02-25 05:11:01,89011703274306260771,MOWN,ACTIVATED,27377664
2026-02-25 05:11:05,89011703278777933097,CATY,ACTIVATED,4100180992
2026-02-25 05:11:08,89011703278778020142,ORWV,ACTIVATED,0
2026-02-25 05:11:12,89011703278778198195,CAAL,ACTIVATED,3164214272
2026-02-25 05:11:16,89011703274291052357,IVAL,ACTIVATED,1141513216
2026-02-25 05:11:20,89011702274315571912,ILLK,ACTIVATED,4084210688
2026-02-25 05:11:24,89011702274410155280,Macon Rover,ACTIVATED,17191936
2026-02-25 05:11:28,89011702274410155330,GAMA,ACTIVATED,2899861504
2026-02-25 05:11:31,89011702274410155348,GAMH,ACTIVATED,27493376
2026-02-25 05:11:35,89011703274303620837,VALN,ACTIVATED,195129344
2026-02-25 05:11:38,89011703274303620878,VAAX,ACTIVATED,27276288
2026-02-25 05:11:42,89011702274410155355,GATC,ACTIVATED,27276288
2026-02-25 05:11:46,89011702274410155363,GAMS,ACTIVATED,25178112
2026-02-25 05:11:49,89011702274410155371,GADN,ACTIVATED,26327040
2026-02-25 05:11:53,89011702274410155389,GADV,ACTIVATED,48259072
2026-02-25 05:11:57,89011702274410156551,ILEF,ACTIVATED,4127507456
2026-02-25 05:12:00,89011702274410156577,IDJM,ACTIVATED,29025280
2026-02-25 05:12:04,89011702274410156890,GAWB,ACTIVATED,3839910912
2026-02-25 05:12:08,89011702274410156908,GAST,ACTIVATED,6368533504
2026-02-25 05:12:12,89011702274410157005,GAMO,ACTIVATED,0
2026-02-25 05:12:16,89011702274410157013,WATC,ACTIVATED,0
2026-02-25 05:12:20,89011702274410157021,WAKN,ACTIVATED,3934407680
2026-02-25 05:12:24,89011702274410157039,WAMV,ACTIVATED,0
2026-02-25 05:12:27,89011702274410157047,WAWW,ACTIVATED,0
2026-02-25 05:12:31,89011702274410157054,WARL,ACTIVATED,0
2026-02-25 05:12:35,89011702274410157062,WAPC,ACTIVATED,3619668992
2026-02-25 05:12:39,89011702274410157070,WABU,ACTIVATED,0
2026-02-25 05:12:43,89011702274410157088,WABC,ACTIVATED,0
2026-02-25 05:12:47,89011702274410157096,CAVC,ACTIVATED,3896640512
2026-02-25 05:12:50,89011702274410157104,CASM,ACTIVATED,12288
2026-02-25 05:12:54,89011702274410157112,CARD,ACTIVATED,0
2026-02-25 05:12:57,89011702274410157120,CAMT,ACTIVATED,0
2026-02-25 05:13:01,89011702274410157138,CAAB,ACTIVATED,0
2026-02-25 05:13:06,89011702274410157146,ORKF,ACTIVATED,29374464
2026-02-25 05:13:10,89011702274410157153,ORBD,ACTIVATED,25178112
2026-02-25 05:13:14,89011702274410157161,ORMS,ACTIVATED,6294528
2026-02-25 05:13:18,89011702274410157179,WAYK,ACTIVATED,27276288
2026-02-25 05:13:22,89011702274410157187,WAWN,ACTIVATED,9096192
2026-02-26 05:00:18,89011702274410157260,ORHG,ACTIVATED,60849152
2026-02-26 05:00:22,89011702274410157484,GATY,ACTIVATED,31472640
2026-02-26 05:00:25,89011703274044237362,ILDC,ACTIVATED,31472640
2026-02-26 05:00:29,89011703274044237396,IDGV,ACTIVATED,2493215744
2026-02-26 05:00:33,89011703274044237404,IDMH,ACTIVATED,1457977344
2026-02-26 05:00:36,89011703274044237420,PATS,ACTIVATED,33570816
2026-02-26 05:00:40,89011703274044237438,NHCD,ACTIVATED,4727602176
2026-02-26 05:00:43,89011703274044237446,ILCY,ACTIVATED,4096
2026-02-26 05:00:47,89011703274044237453,CARM,ACTIVATED,32789504
2026-02-26 05:00:50,89011703274044237511,TWFD,ACTIVATED,2144922624
2026-02-26 05:00:54,89011703274044237529,LABC,ACTIVATED,31472640
2026-02-26 05:00:58,89011703274044237537,TSHK,ACTIVATED,31472640
2026-02-26 05:01:01,89011703274044237685,ILBG,ACTIVATED,33242112
2026-02-26 05:01:05,89011703274044237701,ILKX,ACTIVATED,0
2026-02-26 05:01:09,89011703274044237719,TACN,ACTIVATED,1382809600
2026-02-26 05:01:13,89011703274044237735,TBRM,ACTIVATED,33570816
2026-02-26 05:01:17,89011703274044237743,TPKG,ACTIVATED,31472640
2026-02-26 05:01:20,89011703274044237750,MXMY,ACTIVATED,3072
2026-02-26 05:01:24,89011703274044237784,THMN,ACTIVATED,31687680
2026-02-26 05:01:28,89011703274044237792,TMIL,ACTIVATED,0
2026-02-26 05:01:31,89011703274044237800,GAJS,ACTIVATED,31472640
2026-02-26 05:01:35,89011703274044237818,QCB0,ACTIVATED,31423488
2026-02-26 05:01:38,89011703274044237826,INBG,ACTIVATED,4507285504
2026-02-26 05:01:42,89011703274044237834,LAMN,ACTIVATED,799449088
2026-02-26 05:01:45,89011703274044237859,TBRA,ACTIVATED,31472640
2026-02-26 05:01:49,89011703274044237875,MXCA,ACTIVATED,31770624
2026-02-26 05:01:52,89011703274044237909,MXSC,ACTIVATED,1101604864
2026-02-26 05:01:56,89011703274044237917,TAMR,ACTIVATED,33570816
2026-02-26 05:01:59,89011703274044237925,WADH,ACTIVATED,19605504
2026-02-26 05:02:03,89011703274044237933,KINC,ACTIVATED,33570816
2026-02-26 05:02:07,89011703274044237941,ILWA,ACTIVATED,23079936
2026-02-26 05:02:11,89011703274044237958,GAAV,ACTIVATED,33570816
2026-02-26 05:02:15,89011703274044802389,PACN,ACTIVATED,32313344
2026-02-26 05:02:19,89011703274044802413,PAFV,ACTIVATED,33570816
2026-02-26 05:02:23,89011703274044802421,INNW,ACTIVATED,0
2026-02-26 05:02:26,89011703274044802439,IDRY,ACTIVATED,865971200
2026-02-26 05:02:30,89011703274044802447,PAMG,ACTIVATED,33570816
2026-02-26 05:02:33,89011703274044802454,NJEH,ACTIVATED,0
2026-02-26 05:02:37,89011703274044803460,ILLV,ACTIVATED,31472640
2026-02-26 05:02:40,89011703274044803478,INKO,ACTIVATED,0
2026-02-26 05:02:44,89011703274044803486,INNP,ACTIVATED,32203776
2026-02-26 05:02:48,89011703274044803494,MECH,ACTIVATED,0
2026-02-26 05:02:51,89011703274044803502,INAV,ACTIVATED,30558208
2026-02-26 05:02:55,89011703274044803510,INMN,ACTIVATED,33570816
2026-02-26 05:02:58,89011703274044803536,INGD,ACTIVATED,0
2026-02-26 05:03:02,89011703274044803544,ININ,ACTIVATED,31472640
2026-02-26 05:03:05,89011703274044803569,INDM,ACTIVATED,33570816
2026-02-26 05:03:09,89011703274044803577,ILTP,ACTIVATED,31472640
2026-02-26 05:03:13,89011703274044803593,ILSN,ACTIVATED,35668992
2026-02-26 05:03:17,89011703274044803601,INCT,ACTIVATED,31472640
2026-02-26 05:03:21,89011703274044803619,ILRI,ACTIVATED,33570816
2026-02-26 05:03:25,89011703274044803627,ILVD,ACTIVATED,33570816
2026-02-26 05:03:28,89011703274044803635,MASP,ACTIVATED,31472640
2026-02-26 05:03:32,89011703274044803643,MDAN,ACTIVATED,31472640
2026-02-26 05:03:35,89011703274044803650,ILRC,ACTIVATED,32802816
2026-02-26 05:03:39,89011703274044803676,CTNH,ACTIVATED,31472640
2026-02-26 05:03:42,89011703274044803684,CTWT,ACTIVATED,31472640
2026-02-26 05:03:46,89011703274044803692,ILDK,ACTIVATED,0
2026-02-26 05:03:49,89011703274044803700,CTWF,ACTIVATED,33570816
2026-02-26 05:03:53,89011703274044803718,IDWR,ACTIVATED,32833536
2026-02-26 05:03:57,89011703274044803726,INWN,ACTIVATED,31472640
2026-02-26 05:04:00,89011703274044803742,IDBS,ACTIVATED,33563648
2026-02-26 05:04:04,89011703274044803759,IDSY,ACTIVATED,32525312
2026-02-26 05:04:08,89011703274044803767,ILDV,ACTIVATED,33570816
2026-02-26 05:04:12,89011703274044803775,ILDP,ACTIVATED,41963520
2026-02-26 05:04:16,89011703274044803783,CTOX,ACTIVATED,35668992
2026-02-26 05:04:20,89011703274044803791,CTHF,ACTIVATED,31472640
2026-02-26 05:04:23,89011703274044803809,ILCS,ACTIVATED,1812907008
2026-02-26 05:04:27,89011703274044803817,IDNP,ACTIVATED,38617088
2026-02-26 05:04:30,89011703274044803825,IDPR,ACTIVATED,0
2026-02-26 05:04:34,89011703274044803833,IDDK,ACTIVATED,4611353600
2026-02-26 05:04:37,89011703274044803841,IDAN,ACTIVATED,1103662080
2026-02-26 05:04:41,89011703274044803890,KSKC,ACTIVATED,31472640
2026-02-26 05:04:44,89011703274044803908,ILPN,ACTIVATED,0
2026-02-26 05:04:48,89011703274044803916,ILGB,ACTIVATED,28465152
2026-02-26 05:04:52,89011703274044803924,IDTN,ACTIVATED,0
2026-02-26 05:04:55,89011703274044803932,IDBR,ACTIVATED,0
2026-02-26 05:04:59,89011703274044803940,IDCW,ACTIVATED,0
2026-02-26 05:05:02,89011703274044803957,IDRT,ACTIVATED,33422336
2026-02-26 05:05:06,89011703274291052308,TAMW,ACTIVATED,0
2026-02-26 05:05:10,89011703274303619904,MUUR,ACTIVATED,41964544
2026-02-26 05:05:14,89011703274303620068,WYPD,ACTIVATED,29374464
2026-02-26 05:05:18,89011703274303620076,PACP,ACTIVATED,4034305024
2026-02-26 05:05:22,89011703274303620167,MABL,ACTIVATED,414347264
2026-02-26 05:05:25,89011703274303620175,MAYP,ACTIVATED,37424128
2026-02-26 05:05:29,89011703274303620688,TNUM,ACTIVATED,39865344
2026-02-26 05:05:32,89011703274303620696,TPCB,ACTIVATED,2201209856
2026-02-26 05:05:36,89011703274303620738,PACK,ACTIVATED,0
2026-02-26 05:05:39,89011703274303620746,CAPE,ACTIVATED,5283557376
2026-02-26 05:05:43,89011703274303620753,FLWN,ACTIVATED,253898752
2026-02-26 05:05:47,89011703274303620761,ORHN,ACTIVATED,0
2026-02-26 05:05:50,89011703274303620779,WASS,ACTIVATED,7589669888
2026-02-26 05:05:54,89011703274303620787,TSTT,ACTIVATED,0
2026-02-26 05:05:57,89011703274303620795,TMIV,ACTIVATED,4010243072
2026-02-26 05:06:01,89011703274303620803,TWNH,ACTIVATED,37767168
2026-02-26 05:06:05,89011703274303620811,TNOL,ACTIVATED,39837696
2026-02-26 05:06:08,89011703274303620829,TWSK,ACTIVATED,7337268224
2026-02-26 05:06:13,89011703274303620928,TXRN,ACTIVATED,30643200
2026-02-26 05:06:16,89011703274303620936,CARO,ACTIVATED,32131072
2026-02-26 05:06:20,89011703274303621009,FLBO,ACTIVATED,0
2026-02-26 05:06:24,89011703274303621025,TGPH,ACTIVATED,31472640
2026-02-26 05:06:28,89011703274303621041,FLPM,ACTIVATED,0
2026-02-26 05:06:31,89011703274303621074,MASC,ACTIVATED,1653760
2026-02-26 05:06:35,89011703274303621082,TCLD,ACTIVATED,1267366912
2026-02-26 05:06:38,89011703274303621132,TDUN,ACTIVATED,2201169920
2026-02-26 05:06:42,89011703274303621140,CAPB,ACTIVATED,33570816
2026-02-26 05:06:45,89011703274303621199,IDSV,ACTIVATED,33547264
2026-02-26 05:06:49,89011703274303621223,PAHG,ACTIVATED,0
2026-02-26 05:06:52,89011703274303621231,FLVN,ACTIVATED,0
2026-02-26 05:06:56,89011703274303621272,BARR,ACTIVATED,31218688
2026-02-26 05:06:59,89011703274303621280,TWLT,ACTIVATED,2241044480
2026-02-26 05:07:03,89011703274303621314,TCTH,ACTIVATED,31472640
2026-02-26 05:07:07,89011703274303621322,FLTS,ACTIVATED,2214061056
2026-02-26 05:07:11,89011703274303621330,TXDS,ACTIVATED,0
2026-02-26 05:07:15,89011703274303621348,TXV1,ACTIVATED,0
2026-02-26 05:07:19,89011703274303621355,TXBD,ACTIVATED,0
2026-02-26 05:07:23,89011703274303621363,TXAS,ACTIVATED,0
2026-02-26 05:07:26,89011703274303621371,TXSF,ACTIVATED,0
2026-02-26 05:07:30,89011703274306259302,PAUT,ACTIVATED,33570816
2026-02-26 05:07:33,89011703274306259310,PANW,ACTIVATED,33570816
2026-02-26 05:07:37,89011703274306259328,PAWD,ACTIVATED,0
2026-02-26 05:07:40,89011703274306259369,IDFH,ACTIVATED,33913856
2026-02-26 05:07:44,89011703274306259377,PAAN,ACTIVATED,0
2026-02-26 05:07:47,89011703274306259427,SCOTT_TEST,ACTIVATED,0
2026-02-26 05:07:51,89011703274306259435,ILOT,ACTIVATED,33570816
2026-02-26 05:07:54,89011703274306259443,PABV,ACTIVATED,33570816
2026-02-26 05:07:58,89011703274306259450,MAWO,ACTIVATED,33570816
2026-02-26 05:08:01,89011703274306259468,OSHA,ACTIVATED,3636134912
2026-02-26 05:08:05,89011703274306260284,NEP5,ACTIVATED,0
2026-02-26 05:08:09,89011703274306260292,EAS5,INVENTORY,0
2026-02-26 05:08:13,89011703274306260300,IAIN,ACTIVATED,41963520
2026-02-26 05:08:17,89011703274306260326,TCRL,ACTIVATED,0
2026-02-26 05:08:21,89011703274306260334,TESX,ACTIVATED,5346892800
2026-02-26 05:08:25,89011703274306260342,TMRL,ACTIVATED,34759680
2026-02-26 05:08:28,89011703274306260359,TCHT,ACTIVATED,0
2026-02-26 05:08:32,89011703274306260367,TLMG,ACTIVATED,0
2026-02-26 05:08:35,89011703274306260375,THAR,ACTIVATED,0
2026-02-26 05:08:39,89011703274306260391,TTRN,ACTIVATED,31472640
2026-02-26 05:08:42,89011703274306260409,ILMC,ACTIVATED,0
2026-02-26 05:08:46,89011703274306260417,ILRW,ACTIVATED,0
2026-02-26 05:08:49,89011703274306260433,TPRT,ACTIVATED,31472640
2026-02-26 05:08:53,89011703274306260441,CASO,ACTIVATED,0
2026-02-26 05:08:57,89011703274306260466,WIFA,ACTIVATED,31472640
2026-02-26 05:09:00,89011703274306260474,CAMC,ACTIVATED,8039565312
2026-02-26 05:09:04,89011703274306260482,NFGF,ACTIVATED,33570816
2026-02-26 05:09:08,89011703274306260490,TCRN,ACTIVATED,4431734784
2026-02-26 05:09:12,89011703274306260508,TSCB,ACTIVATED,0
2026-02-26 05:09:16,89011703274306260516,TUXB,ACTIVATED,0
2026-02-26 05:09:20,89011703274306260524,TBOW,ACTIVATED,17636352
2026-02-26 05:09:23,89011703274306260532,TRIT,INVENTORY,0
2026-02-26 05:09:27,89011703274306260540,GAFP,ACTIVATED,4511377408
2026-02-26 05:09:31,89011703274306260557,GAWA,ACTIVATED,34087936
2026-02-26 05:09:34,89011703274306260565,TTEC,ACTIVATED,0
2026-02-26 05:09:37,89011703274306260573,MSSL,ACTIVATED,31472640
2026-02-26 05:09:41,89011703274306260581,INIS,ACTIVATED,39358464
2026-02-26 05:09:45,89011703274306260599,INFT,ACTIVATED,41963520
2026-02-26 05:09:48,89011703274306260607,NFTY,ACTIVATED,35186688
2026-02-26 05:09:51,89011703274306260615,KYSL,ACTIVATED,31472640
2026-02-26 05:09:55,89011703274306260623,WAML,ACTIVATED,31472640
2026-02-26 05:09:59,89011703274306260631,MISW,ACTIVATED,33570816
2026-02-26 05:10:02,89011703274306260649,MITV,ACTIVATED,33570816
2026-02-26 05:10:06,89011703274306260664,MIGR,ACTIVATED,31472640
2026-02-26 05:10:10,89011703274306260672,KYLV,ACTIVATED,31439872
2026-02-26 05:10:14,89011703274306260680,MIWN,ACTIVATED,1806336
2026-02-26 05:10:18,89011703274306260698,FLML,ACTIVATED,0
2026-02-26 05:10:22,89011703274306260706,FLPD,ACTIVATED,0
2026-02-26 05:10:25,89011703274306260714,FLPV,ACTIVATED,0
2026-02-26 05:10:29,89011703274306260730,AZHV,ACTIVATED,31901696
2026-02-26 05:10:32,89011703274306260755,ORPL,ACTIVATED,7111680
2026-02-26 05:10:36,89011703274306260763,TXKN,ACTIVATED,0
2026-02-26 05:10:40,89011703274306260771,MOWN,ACTIVATED,33672192
2026-02-26 05:10:43,89011703278777933097,CATY,ACTIVATED,4738514944
2026-02-26 05:10:47,89011703278778020142,ORWV,ACTIVATED,0
2026-02-26 05:10:50,89011703278778198195,CAAL,ACTIVATED,3669906432
2026-02-26 05:10:54,89011703274291052357,IVAL,ACTIVATED,1326164992
2026-02-26 05:10:57,89011702274315571912,ILLK,ACTIVATED,4688988160
2026-02-26 05:11:01,89011702274410155280,Macon Rover,ACTIVATED,19290112
2026-02-26 05:11:05,89011702274410155330,GAMA,ACTIVATED,3481095168
2026-02-26 05:11:09,89011702274410155348,GAMH,ACTIVATED,31689728
2026-02-26 05:11:13,89011703274303620837,VALN,ACTIVATED,199325696
2026-02-26 05:11:17,89011703274303620878,VAAX,ACTIVATED,31472640
2026-02-26 05:11:21,89011702274410155355,GATC,ACTIVATED,32063488
2026-02-26 05:11:24,89011702274410155363,GAMS,ACTIVATED,31472640
2026-02-26 05:11:28,89011702274410155371,GADN,ACTIVATED,30523392
2026-02-26 05:11:31,89011702274410155389,GADV,ACTIVATED,52455424
2026-02-26 05:11:35,89011702274410156551,ILEF,ACTIVATED,4910198784
2026-02-26 05:11:38,89011702274410156577,IDJM,ACTIVATED,33221632
2026-02-26 05:11:42,89011702274410156890,GAWB,ACTIVATED,4433732608
2026-02-26 05:11:45,89011702274410156908,GAST,ACTIVATED,7323290624
2026-02-26 05:11:49,89011702274410157005,GAMO,ACTIVATED,0
2026-02-26 05:11:53,89011702274410157013,WATC,ACTIVATED,326656
2026-02-26 05:11:56,89011702274410157021,WAKN,ACTIVATED,4536632320
2026-02-26 05:12:00,89011702274410157039,WAMV,ACTIVATED,0
2026-02-26 05:12:03,89011702274410157047,WAWW,ACTIVATED,0
2026-02-26 05:12:07,89011702274410157054,WARL,ACTIVATED,0
2026-02-26 05:12:11,89011702274410157062,WAPC,ACTIVATED,3676010496
2026-02-26 05:12:15,89011702274410157070,WABU,ACTIVATED,0
2026-02-26 05:12:19,89011702274410157088,WABC,ACTIVATED,0
2026-02-26 05:12:23,89011702274410157096,CAVC,ACTIVATED,4519847936
2026-02-26 05:12:27,89011702274410157104,CASM,ACTIVATED,14336
2026-02-26 05:12:30,89011702274410157112,CARD,ACTIVATED,0
2026-02-26 05:12:34,89011702274410157120,CAMT,ACTIVATED,0
2026-02-26 05:12:37,89011702274410157138,CAAB,ACTIVATED,0
2026-02-26 05:12:41,89011702274410157146,ORKF,ACTIVATED,33570816
2026-02-26 05:12:44,89011702274410157153,ORBD,ACTIVATED,29374464
2026-02-26 05:12:48,89011702274410157161,ORMS,ACTIVATED,10490880
2026-02-26 05:12:51,89011702274410157179,WAYK,ACTIVATED,29374464
2026-02-26 05:12:55,89011702274410157187,WAWN,ACTIVATED,9096192
2026-02-26 08:31:37,89011702274410157195,MAX1,ACTIVATED,0
2026-02-26 08:31:41,89011702274410157203,NVRN,ACTIVATED,0
2026-02-26 08:31:44,89011702274410157211,STHE,ACTIVATED,0
2026-02-27 05:00:18,89011703274044237404,IDMH,ACTIVATED,1726559232
2026-02-27 05:00:22,89011703274044237420,PATS,ACTIVATED,37767168
2026-02-27 05:00:25,89011703274044237438,NHCD,ACTIVATED,5384394752
2026-02-27 05:00:29,89011703274044237446,ILCY,ACTIVATED,5120
2026-02-27 05:00:33,89011703274044237453,CARM,ACTIVATED,36985856
2026-02-27 05:00:36,89011703274044237511,TWFD,ACTIVATED,2149118976
2026-02-27 05:00:40,89011703274044237529,LABC,ACTIVATED,35668992
2026-02-27 05:00:43,89011703274044237537,TSHK,ACTIVATED,37767168
2026-02-27 05:00:47,89011703274044237685,ILBG,ACTIVATED,37438464
2026-02-27 05:00:50,89011703274044237701,ILKX,ACTIVATED,0
2026-02-27 05:00:54,89011703274044237719,TACN,ACTIVATED,2077363200
2026-02-27 05:00:57,89011703274044237735,TBRM,ACTIVATED,37767168
2026-02-27 05:01:01,89011703274044237743,TPKG,ACTIVATED,37767168
2026-02-27 05:01:05,89011703274044237750,MXMY,ACTIVATED,4096
2026-02-27 05:01:09,89011703274044237784,THMN,ACTIVATED,35884032
2026-02-27 05:01:13,89011703274044237792,TMIL,ACTIVATED,0
2026-02-27 05:01:17,89011703274044237800,GAJS,ACTIVATED,35668992
2026-02-27 05:01:21,89011703274044237818,QCB0,ACTIVATED,35619840
2026-02-27 05:01:24,89011703274044237826,INBG,ACTIVATED,4545055744
2026-02-27 05:01:28,89011703274044237834,LAMN,ACTIVATED,1309327360
2026-02-27 05:01:32,89011703274044237859,TBRA,ACTIVATED,35668992
2026-02-27 05:01:35,89011703274044237875,MXCA,ACTIVATED,35966976
2026-02-27 05:01:39,89011703274044237909,MXSC,ACTIVATED,1619878912
2026-02-27 05:01:42,89011703274044237917,TAMR,ACTIVATED,37767168
2026-02-27 05:01:46,89011703274044237925,WADH,ACTIVATED,21705728
2026-02-27 05:01:49,89011703274044237933,KINC,ACTIVATED,37767168
2026-02-27 05:01:53,89011703274044237941,ILWA,ACTIVATED,25178112
2026-02-27 05:01:56,89011703274044237958,GAAV,ACTIVATED,37767168
2026-02-27 05:02:00,89011703274044802389,PACN,ACTIVATED,36509696
2026-02-27 05:02:04,89011703274044802413,PAFV,ACTIVATED,37767168
2026-02-27 05:02:08,89011703274044802421,INNW,ACTIVATED,0
2026-02-27 05:02:12,89011703274044802439,IDRY,ACTIVATED,870167552
2026-02-27 05:02:16,89011703274044802447,PAMG,ACTIVATED,37767168
2026-02-27 05:02:19,89011703274044802454,NJEH,ACTIVATED,0
2026-02-27 05:02:23,89011703274044803460,ILLV,ACTIVATED,37767168
2026-02-27 05:02:27,89011703274044803478,INKO,ACTIVATED,0
2026-02-27 05:02:30,89011703274044803486,INNP,ACTIVATED,36400128
2026-02-27 05:02:34,89011703274044803494,MECH,ACTIVATED,0
2026-02-27 05:02:37,89011703274044803502,INAV,ACTIVATED,34754560
2026-02-27 05:02:41,89011703274044803510,INMN,ACTIVATED,37767168
2026-02-27 05:02:44,89011703274044803536,INGD,ACTIVATED,0
2026-02-27 05:02:48,89011703274044803544,ININ,ACTIVATED,37767168
2026-02-27 05:02:51,89011703274044803569,INDM,ACTIVATED,37767168
2026-02-27 05:02:55,89011703274044803577,ILTP,ACTIVATED,35668992
2026-02-27 05:02:58,89011703274044803593,ILSN,ACTIVATED,41963520
2026-02-27 05:03:02,89011703274044803601,INCT,ACTIVATED,35668992
2026-02-27 05:03:06,89011703274044803619,ILRI,ACTIVATED,37767168
2026-02-27 05:03:10,89011703274044803627,ILVD,ACTIVATED,37767168
2026-02-27 05:03:14,89011703274044803635,MASP,ACTIVATED,37767168
2026-02-27 05:03:18,89011703274044803643,MDAN,ACTIVATED,37767168
2026-02-27 05:03:22,89011703274044803650,ILRC,ACTIVATED,36999168
2026-02-27 05:03:26,89011703274044803676,CTNH,ACTIVATED,37767168
2026-02-27 05:03:29,89011703274044803684,CTWT,ACTIVATED,35668992
2026-02-27 05:03:33,89011703274044803692,ILDK,ACTIVATED,0
2026-02-27 05:03:36,89011703274044803700,CTWF,ACTIVATED,37767168
2026-02-27 05:03:40,89011703274044803718,IDWR,ACTIVATED,37029888
2026-02-27 05:03:43,89011703274044803726,INWN,ACTIVATED,35668992
2026-02-27 05:03:47,89011703274044803742,IDBS,ACTIVATED,37760000
2026-02-27 05:03:50,89011703274044803759,IDSY,ACTIVATED,36721664
2026-02-27 05:03:54,89011703274044803767,ILDV,ACTIVATED,37767168
2026-02-27 05:03:57,89011703274044803775,ILDP,ACTIVATED,48258048
2026-02-27 05:04:01,89011703274044803783,CTOX,ACTIVATED,39864320
2026-02-27 05:04:05,89011703274044803791,CTHF,ACTIVATED,35668992
2026-02-27 05:04:09,89011703274044803809,ILCS,ACTIVATED,2060503040
2026-02-27 05:04:12,89011703274044803817,IDNP,ACTIVATED,42813440
2026-02-27 05:04:16,89011703274044803825,IDPR,ACTIVATED,0
2026-02-27 05:04:20,89011703274044803833,IDDK,ACTIVATED,5242966016
2026-02-27 05:04:24,89011703274044803841,IDAN,ACTIVATED,1898930176
2026-02-27 05:04:28,89011703274044803890,KSKC,ACTIVATED,35668992
2026-02-27 05:04:31,89011703274044803908,ILPN,ACTIVATED,0
2026-02-27 05:04:35,89011703274044803916,ILGB,ACTIVATED,32661504
2026-02-27 05:04:38,89011703274044803924,IDTN,ACTIVATED,0
2026-02-27 05:04:42,89011703274044803932,IDBR,ACTIVATED,0
2026-02-27 05:04:45,89011703274044803940,IDCW,ACTIVATED,0
2026-02-27 05:04:49,89011703274044803957,IDRT,ACTIVATED,37618688
2026-02-27 05:04:52,89011703274291052308,TAMW,ACTIVATED,0
2026-02-27 05:04:56,89011703274303619904,MUUR,ACTIVATED,46160896
2026-02-27 05:04:59,89011703274303620068,WYPD,ACTIVATED,33570816
2026-02-27 05:05:03,89011703274303620076,PACP,ACTIVATED,4588258304
2026-02-27 05:05:07,89011703274303620167,MABL,ACTIVATED,559131648
2026-02-27 05:05:11,89011703274303620175,MAYP,ACTIVATED,43717632
2026-02-27 05:05:15,89011703274303620688,TNUM,ACTIVATED,46159872
2026-02-27 05:05:19,89011703274303620696,TPCB,ACTIVATED,2501272576
2026-02-27 05:05:23,89011703274303620738,PACK,ACTIVATED,0
2026-02-27 05:05:26,89011703274303620746,CAPE,ACTIVATED,6009568256
2026-02-27 05:05:30,89011703274303620753,FLWN,ACTIVATED,258095104
2026-02-27 05:05:33,89011703274303620761,ORHN,ACTIVATED,0
2026-02-27 05:05:37,89011703274303620779,WASS,ACTIVATED,8601066496
2026-02-27 05:05:41,89011703274303620787,TSTT,ACTIVATED,0
2026-02-27 05:05:44,89011703274303620795,TMIV,ACTIVATED,4673326080
2026-02-27 05:05:47,89011703274303620803,TWNH,ACTIVATED,41963520
2026-02-27 05:05:51,89011703274303620811,TNOL,ACTIVATED,44034048
2026-02-27 05:05:55,89011703274303620829,TWSK,ACTIVATED,7570191360
2026-02-27 05:05:58,89011703274303620928,TXRN,ACTIVATED,36937728
2026-02-27 05:06:02,89011703274303620936,CARO,ACTIVATED,36327424
2026-02-27 05:06:06,89011703274303621009,FLBO,ACTIVATED,0
2026-02-27 05:06:09,89011703274303621025,TGPH,ACTIVATED,35668992
2026-02-27 05:06:13,89011703274303621041,FLPM,ACTIVATED,0
2026-02-27 05:06:17,89011703274303621074,MASC,ACTIVATED,1653760
2026-02-27 05:06:21,89011703274303621082,TCLD,ACTIVATED,1525467136
2026-02-27 05:06:25,89011703274303621132,TDUN,ACTIVATED,2503337984
2026-02-27 05:06:28,89011703274303621140,CAPB,ACTIVATED,37767168
2026-02-27 05:06:32,89011703274303621199,IDSV,ACTIVATED,37743616
2026-02-27 05:06:35,89011703274303621223,PAHG,ACTIVATED,0
2026-02-27 05:06:39,89011703274303621231,FLVN,ACTIVATED,0
2026-02-27 05:06:42,89011703274303621272,BARR,ACTIVATED,37443584
2026-02-27 05:06:46,89011703274303621280,TWLT,ACTIVATED,2549507072
2026-02-27 05:06:49,89011703274303621314,TCTH,ACTIVATED,35668992
2026-02-27 05:06:53,89011703274303621322,FLTS,ACTIVATED,2751241216
2026-02-27 05:06:56,89011703274303621330,TXDS,ACTIVATED,0
2026-02-27 05:07:00,89011703274303621348,TXV1,ACTIVATED,0
2026-02-27 05:07:03,89011703274303621355,TXBD,ACTIVATED,0
2026-02-27 05:07:07,89011703274303621363,TXAS,ACTIVATED,0
2026-02-27 05:07:11,89011703274303621371,TXSF,ACTIVATED,0
2026-02-27 05:07:15,89011703274306259302,PAUT,ACTIVATED,37767168
2026-02-27 05:07:19,89011703274306259310,PANW,ACTIVATED,37767168
2026-02-27 05:07:23,89011703274306259328,PAWD,ACTIVATED,0
2026-02-27 05:07:27,89011703274306259369,IDFH,ACTIVATED,37673984
2026-02-27 05:07:30,89011703274306259377,PAAN,ACTIVATED,0
2026-02-27 05:07:34,89011703274306259427,SCOTT_TEST,ACTIVATED,0
2026-02-27 05:07:37,89011703274306259435,ILOT,ACTIVATED,37767168
2026-02-27 05:07:40,89011703274306259443,PABV,ACTIVATED,37767168
2026-02-27 05:07:44,89011703274306259450,MAWO,ACTIVATED,37767168
2026-02-27 05:07:47,89011703274306259468,OSHA,ACTIVATED,3640331264
2026-02-27 05:07:51,89011703274306260284,NEP5,ACTIVATED,0
2026-02-27 05:07:55,89011703274306260292,EAS5,INVENTORY,0
2026-02-27 05:07:58,89011703274306260300,IAIN,ACTIVATED,48258048
2026-02-27 05:08:02,89011703274306260326,TCRL,ACTIVATED,0
2026-02-27 05:08:06,89011703274306260334,TESX,ACTIVATED,6081321984
2026-02-27 05:08:10,89011703274306260342,TMRL,ACTIVATED,41054208
2026-02-27 05:08:13,89011703274306260359,TCHT,ACTIVATED,0
2026-02-27 05:08:17,89011703274306260367,TLMG,ACTIVATED,0
2026-02-27 05:08:21,89011703274306260375,THAR,ACTIVATED,0
2026-02-27 05:08:25,89011703274306260391,TTRN,ACTIVATED,35668992
2026-02-27 05:08:28,89011703274306260409,ILMC,ACTIVATED,0
2026-02-27 05:08:32,89011703274306260417,ILRW,ACTIVATED,0
2026-02-27 05:08:35,89011703274306260433,TPRT,ACTIVATED,35668992
2026-02-27 05:08:39,89011703274306260441,CASO,ACTIVATED,0
2026-02-27 05:08:42,89011703274306260466,WIFA,ACTIVATED,35668992
2026-02-27 05:08:46,89011703274306260474,CAMC,ACTIVATED,9141218304
2026-02-27 05:08:49,89011703274306260482,NFGF,ACTIVATED,37767168
2026-02-27 05:08:53,89011703274306260490,TCRN,ACTIVATED,5038154752
2026-02-27 05:08:56,89011703274306260508,TSCB,ACTIVATED,0
2026-02-27 05:09:00,89011703274306260516,TUXB,ACTIVATED,0
2026-02-27 05:09:04,89011703274306260524,TBOW,ACTIVATED,19734528
2026-02-27 05:09:08,89011703274306260532,TRIT,INVENTORY,0
2026-02-27 05:09:12,89011703274306260540,GAFP,ACTIVATED,5126181888
2026-02-27 05:09:16,89011703274306260557,GAWA,ACTIVATED,40382464
2026-02-27 05:09:20,89011703274306260565,TTEC,ACTIVATED,0
2026-02-27 05:09:23,89011703274306260573,MSSL,ACTIVATED,35668992
2026-02-27 05:09:27,89011703274306260581,INIS,ACTIVATED,66639872
2026-02-27 05:09:30,89011703274306260599,INFT,ACTIVATED,46159872
2026-02-27 05:09:34,89011703274306260607,NFTY,ACTIVATED,39383040
2026-02-27 05:09:38,89011703274306260615,KYSL,ACTIVATED,35668992
2026-02-27 05:09:41,89011703274306260623,WAML,ACTIVATED,37767168
2026-02-27 05:09:44,89011703274306260631,MISW,ACTIVATED,37767168
2026-02-27 05:09:48,89011703274306260649,MITV,ACTIVATED,37767168
2026-02-27 05:09:51,89011703274306260664,MIGR,ACTIVATED,37767168
2026-02-27 05:09:55,89011703274306260672,KYLV,ACTIVATED,35636224
2026-02-27 05:09:58,89011703274306260680,MIWN,ACTIVATED,1806336
2026-02-27 05:10:02,89011703274306260698,FLML,ACTIVATED,0
2026-02-27 05:10:07,89011703274306260706,FLPD,ACTIVATED,0
2026-02-27 05:10:11,89011703274306260714,FLPV,ACTIVATED,0
2026-02-27 05:10:14,89011703274306260730,AZHV,ACTIVATED,35818496
2026-02-27 05:10:18,89011703274306260755,ORPL,ACTIVATED,7111680
2026-02-27 05:10:22,89011703274306260763,TXKN,ACTIVATED,0
2026-02-27 05:10:26,89011703274306260771,MOWN,ACTIVATED,37868544
2026-02-27 05:10:30,89011703278777933097,CATY,ACTIVATED,5386902528
2026-02-27 05:10:33,89011703278778020142,ORWV,ACTIVATED,0
2026-02-27 05:10:37,89011703278778198195,CAAL,ACTIVATED,4173495296
2026-02-27 05:10:40,89011703274291052357,IVAL,ACTIVATED,1508717568
2026-02-27 05:10:44,89011702274315571912,ILLK,ACTIVATED,5343679488
2026-02-27 05:10:48,89011702274410155280,Macon Rover,ACTIVATED,23486464
2026-02-27 05:10:51,89011702274410155330,GAMA,ACTIVATED,4106396672
2026-02-27 05:10:55,89011702274410155348,GAMH,ACTIVATED,505907200
2026-02-27 05:10:59,89011703274303620837,VALN,ACTIVATED,205620224
2026-02-27 05:11:02,89011703274303620878,VAAX,ACTIVATED,37767168
2026-02-27 05:11:06,89011702274410155355,GATC,ACTIVATED,36259840
2026-02-27 05:11:10,89011702274410155363,GAMS,ACTIVATED,35668992
2026-02-27 05:11:15,89011702274410155371,GADN,ACTIVATED,34719744
2026-02-27 05:11:18,89011702274410155389,GADV,ACTIVATED,56651776
2026-02-27 05:11:22,89011702274410156551,ILEF,ACTIVATED,4943775744
2026-02-27 05:11:26,89011702274410156577,IDJM,ACTIVATED,36726784
2026-02-27 05:11:30,89011702274410156890,GAWB,ACTIVATED,5027569664
2026-02-27 05:11:33,89011702274410156908,GAST,ACTIVATED,8131170304
2026-02-27 05:11:37,89011702274410157005,GAMO,ACTIVATED,0
2026-02-27 05:11:40,89011702274410157013,WATC,ACTIVATED,6621184
2026-02-27 05:11:44,89011702274410157021,WAKN,ACTIVATED,5151455232
2026-02-27 05:11:47,89011702274410157039,WAMV,ACTIVATED,0
2026-02-27 05:11:51,89011702274410157047,WAWW,ACTIVATED,0
2026-02-27 05:11:54,89011702274410157054,WARL,ACTIVATED,0
2026-02-27 05:11:59,89011702274410157062,WAPC,ACTIVATED,3676010496
2026-02-27 05:12:03,89011702274410157070,WABU,ACTIVATED,0
2026-02-27 05:12:07,89011702274410157088,WABC,ACTIVATED,0
2026-02-27 05:12:11,89011702274410157096,CAVC,ACTIVATED,5136771072
2026-02-27 05:12:15,89011702274410157104,CASM,ACTIVATED,15360
2026-02-27 05:12:19,89011702274410157112,CARD,ACTIVATED,0
2026-02-27 05:12:23,89011702274410157120,CAMT,ACTIVATED,0
2026-02-27 05:12:26,89011702274410157138,CAAB,ACTIVATED,0
2026-02-27 05:12:30,89011702274410157146,ORKF,ACTIVATED,37767168
2026-02-27 05:12:33,89011702274410157153,ORBD,ACTIVATED,35668992
2026-02-27 05:12:37,89011702274410157161,ORMS,ACTIVATED,12589056
2026-02-27 05:12:40,89011702274410157179,WAYK,ACTIVATED,37767168
2026-02-27 05:12:44,89011702274410157187,WAWN,ACTIVATED,13641728
2026-02-27 05:12:47,89011702274410157195,MAX1,ACTIVATED,0
2026-02-27 05:12:51,89011702274410157203,NVRN,ACTIVATED,0
2026-02-27 05:12:54,89011702274410157211,STHE,ACTIVATED,0
2026-02-27 08:27:45,89011702274410157229,OREU,ACTIVATED,595933184
2026-02-27 08:27:48,89011702274410157237,WASP,ACTIVATED,5452069888
2026-02-27 08:27:52,89011702274410157245,IDPY,ACTIVATED,0
2026-02-27 08:27:55,89011702274410157252,ORUG,ACTIVATED,37767168
2026-02-28 05:00:18,89011703274044237453,CARM,ACTIVATED,41182208
2026-02-28 05:00:22,89011703274044237511,TWFD,ACTIVATED,2155413504
2026-02-28 05:00:25,89011703274044237529,LABC,ACTIVATED,39865344
2026-02-28 05:00:29,89011703274044237537,TSHK,ACTIVATED,41963520
2026-02-28 05:00:32,89011703274044237685,ILBG,ACTIVATED,41634816
2026-02-28 05:00:36,89011703274044237701,ILKX,ACTIVATED,0
2026-02-28 05:00:40,89011703274044237719,TACN,ACTIVATED,2776125440
2026-02-28 05:00:43,89011703274044237735,TBRM,ACTIVATED,41963520
2026-02-28 05:00:47,89011703274044237743,TPKG,ACTIVATED,41963520
2026-02-28 05:00:50,89011703274044237750,MXMY,ACTIVATED,6144
2026-02-28 05:00:54,89011703274044237784,THMN,ACTIVATED,40080384
2026-02-28 05:00:57,89011703274044237792,TMIL,ACTIVATED,0
2026-02-28 05:01:01,89011703274044237800,GAJS,ACTIVATED,39865344
2026-02-28 05:01:05,89011703274044237818,QCB0,ACTIVATED,39816192
2026-02-28 05:01:09,89011703274044237826,INBG,ACTIVATED,4549252096
2026-02-28 05:01:13,89011703274044237834,LAMN,ACTIVATED,1827603456
2026-02-28 05:01:16,89011703274044237859,TBRA,ACTIVATED,39865344
2026-02-28 05:01:20,89011703274044237875,MXCA,ACTIVATED,40163328
2026-02-28 05:01:24,89011703274044237909,MXSC,ACTIVATED,2146549760
2026-02-28 05:01:28,89011703274044237917,TAMR,ACTIVATED,41963520
2026-02-28 05:01:31,89011703274044237925,WADH,ACTIVATED,23806976
2026-02-28 05:01:35,89011703274044237933,KINC,ACTIVATED,41963520
2026-02-28 05:01:38,89011703274044237941,ILWA,ACTIVATED,29374464
2026-02-28 05:01:42,89011703274044237958,GAAV,ACTIVATED,41963520
2026-02-28 05:01:45,89011703274044802389,PACN,ACTIVATED,42804224
2026-02-28 05:01:49,89011703274044802413,PAFV,ACTIVATED,41963520
2026-02-28 05:01:52,89011703274044802421,INNW,ACTIVATED,0
2026-02-28 05:01:56,89011703274044802439,IDRY,ACTIVATED,874363904
2026-02-28 05:01:59,89011703274044802447,PAMG,ACTIVATED,44061696
2026-02-28 05:02:03,89011703274044802454,NJEH,ACTIVATED,0
2026-02-28 05:02:07,89011703274044803460,ILLV,ACTIVATED,41963520
2026-02-28 05:02:11,89011703274044803478,INKO,ACTIVATED,0
2026-02-28 05:02:15,89011703274044803486,INNP,ACTIVATED,42064896
2026-02-28 05:02:19,89011703274044803494,MECH,ACTIVATED,0
2026-02-28 05:02:23,89011703274044803502,INAV,ACTIVATED,38950912
2026-02-28 05:02:26,89011703274044803510,INMN,ACTIVATED,41963520
2026-02-28 05:02:30,89011703274044803536,INGD,ACTIVATED,0
2026-02-28 05:02:33,89011703274044803544,ININ,ACTIVATED,41963520
2026-02-28 05:02:37,89011703274044803569,INDM,ACTIVATED,41963520
2026-02-28 05:02:40,89011703274044803577,ILTP,ACTIVATED,41963520
2026-02-28 05:02:44,89011703274044803593,ILSN,ACTIVATED,48258048
2026-02-28 05:02:47,89011703274044803601,INCT,ACTIVATED,39865344
2026-02-28 05:02:51,89011703274044803619,ILRI,ACTIVATED,41963520
2026-02-28 05:02:54,89011703274044803627,ILVD,ACTIVATED,41963520
2026-02-28 05:02:58,89011703274044803635,MASP,ACTIVATED,41963520
2026-02-28 05:03:01,89011703274044803643,MDAN,ACTIVATED,41963520
2026-02-28 05:03:05,89011703274044803650,ILRC,ACTIVATED,41195520
2026-02-28 05:03:09,89011703274044803676,CTNH,ACTIVATED,41963520
2026-02-28 05:03:13,89011703274044803684,CTWT,ACTIVATED,39865344
2026-02-28 05:03:17,89011703274044803692,ILDK,ACTIVATED,0
2026-02-28 05:03:21,89011703274044803700,CTWF,ACTIVATED,41963520
2026-02-28 05:03:24,89011703274044803718,IDWR,ACTIVATED,41226240
2026-02-28 05:03:28,89011703274044803726,INWN,ACTIVATED,41963520
2026-02-28 05:03:31,89011703274044803742,IDBS,ACTIVATED,41956352
2026-02-28 05:03:35,89011703274044803759,IDSY,ACTIVATED,40918016
2026-02-28 05:03:38,89011703274044803767,ILDV,ACTIVATED,41963520
2026-02-28 05:03:42,89011703274044803775,ILDP,ACTIVATED,54552576
2026-02-28 05:03:45,89011703274044803783,CTOX,ACTIVATED,46158848
2026-02-28 05:03:49,89011703274044803791,CTHF,ACTIVATED,41963520
2026-02-28 05:03:52,89011703274044803809,ILCS,ACTIVATED,2310200320
2026-02-28 05:03:55,89011703274044803817,IDNP,ACTIVATED,44450816
2026-02-28 05:03:59,89011703274044803825,IDPR,ACTIVATED,0
2026-02-28 05:04:03,89011703274044803833,IDDK,ACTIVATED,5889270784
2026-02-28 05:04:06,89011703274044803841,IDAN,ACTIVATED,2710994944
2026-02-28 05:04:10,89011703274044803890,KSKC,ACTIVATED,39865344
2026-02-28 05:04:14,89011703274044803908,ILPN,ACTIVATED,0
2026-02-28 05:04:18,89011703274044803916,ILGB,ACTIVATED,36857856
2026-02-28 05:04:22,89011703274044803924,IDTN,ACTIVATED,0
2026-02-28 05:04:26,89011703274044803932,IDBR,ACTIVATED,0
2026-02-28 05:04:29,89011703274044803940,IDCW,ACTIVATED,0
2026-02-28 05:04:33,89011703274044803957,IDRT,ACTIVATED,41815040
2026-02-28 05:04:36,89011703274291052308,TAMW,ACTIVATED,0
2026-02-28 05:04:40,89011703274303619904,MUUR,ACTIVATED,52455424
2026-02-28 05:04:43,89011703274303620068,WYPD,ACTIVATED,37767168
2026-02-28 05:04:47,89011703274303620076,PACP,ACTIVATED,5150599168
2026-02-28 05:04:50,89011703274303620167,MABL,ACTIVATED,703916032
2026-02-28 05:04:54,89011703274303620175,MAYP,ACTIVATED,50012160
2026-02-28 05:04:57,89011703274303620688,TNUM,ACTIVATED,52454400
2026-02-28 05:05:01,89011703274303620696,TPCB,ACTIVATED,2809725952
2026-02-28 05:05:05,89011703274303620738,PACK,ACTIVATED,0
2026-02-28 05:05:09,89011703274303620746,CAPE,ACTIVATED,6746075136
2026-02-28 05:05:13,89011703274303620753,FLWN,ACTIVATED,262291456
2026-02-28 05:05:16,89011703274303620761,ORHN,ACTIVATED,0
2026-02-28 05:05:20,89011703274303620779,WASS,ACTIVATED,9662838784
2026-02-28 05:05:24,89011703274303620787,TSTT,ACTIVATED,0
2026-02-28 05:05:28,89011703274303620795,TMIV,ACTIVATED,5342709760
2026-02-28 05:05:31,89011703274303620803,TWNH,ACTIVATED,46159872
2026-02-28 05:05:34,89011703274303620811,TNOL,ACTIVATED,48230400
2026-02-28 05:05:38,89011703274303620829,TWSK,ACTIVATED,7574387712
2026-02-28 05:05:42,89011703274303620928,TXRN,ACTIVATED,41134080
2026-02-28 05:05:45,89011703274303620936,CARO,ACTIVATED,40523776
2026-02-28 05:05:49,89011703274303621009,FLBO,ACTIVATED,0
2026-02-28 05:05:52,89011703274303621025,TGPH,ACTIVATED,39865344
2026-02-28 05:05:56,89011703274303621041,FLPM,ACTIVATED,0
2026-02-28 05:05:59,89011703274303621074,MASC,ACTIVATED,1653760
2026-02-28 05:06:03,89011703274303621082,TCLD,ACTIVATED,1603685376
2026-02-28 05:06:07,89011703274303621132,TDUN,ACTIVATED,2583072768
2026-02-28 05:06:10,89011703274303621140,CAPB,ACTIVATED,41963520
2026-02-28 05:06:14,89011703274303621199,IDSV,ACTIVATED,41939968
2026-02-28 05:06:18,89011703274303621223,PAHG,ACTIVATED,0
2026-02-28 05:06:22,89011703274303621231,FLVN,ACTIVATED,0
2026-02-28 05:06:26,89011703274303621272,BARR,ACTIVATED,39907328
2026-02-28 05:06:29,89011703274303621280,TWLT,ACTIVATED,2862171136
2026-02-28 05:06:33,89011703274303621314,TCTH,ACTIVATED,39865344
2026-02-28 05:06:36,89011703274303621322,FLTS,ACTIVATED,3290520576
2026-02-28 05:06:40,89011703274303621330,TXDS,ACTIVATED,0
2026-02-28 05:06:43,89011703274303621348,TXV1,ACTIVATED,0
2026-02-28 05:06:46,89011703274303621355,TXBD,ACTIVATED,30720
2026-02-28 05:06:50,89011703274303621363,TXAS,ACTIVATED,0
2026-02-28 05:06:53,89011703274303621371,TXSF,ACTIVATED,0
2026-02-28 05:06:57,89011703274306259302,PAUT,ACTIVATED,44061696
2026-02-28 05:07:00,89011703274306259310,PANW,ACTIVATED,41963520
2026-02-28 05:07:04,89011703274306259328,PAWD,ACTIVATED,0
2026-02-28 05:07:08,89011703274306259369,IDFH,ACTIVATED,41870336
2026-02-28 05:07:12,89011703274306259377,PAAN,ACTIVATED,0
2026-02-28 05:07:16,89011703274306259427,SCOTT_TEST,ACTIVATED,0
2026-02-28 05:07:20,89011703274306259435,ILOT,ACTIVATED,41963520
2026-02-28 05:07:23,89011703274306259443,PABV,ACTIVATED,41963520
2026-02-28 05:07:27,89011703274306259450,MAWO,ACTIVATED,41963520
2026-02-28 05:07:30,89011703274306259468,OSHA,ACTIVATED,3644527616
2026-02-28 05:07:34,89011703274306260284,NEP5,ACTIVATED,0
2026-02-28 05:07:37,89011703274306260292,EAS5,INVENTORY,0
2026-02-28 05:07:41,89011703274306260300,IAIN,ACTIVATED,54552576
2026-02-28 05:07:44,89011703274306260326,TCRL,ACTIVATED,0
2026-02-28 05:07:48,89011703274306260334,TESX,ACTIVATED,6830433280
2026-02-28 05:07:51,89011703274306260342,TMRL,ACTIVATED,45250560
2026-02-28 05:07:55,89011703274306260359,TCHT,ACTIVATED,0
2026-02-28 05:07:58,89011703274306260367,TLMG,ACTIVATED,0
2026-02-28 05:08:02,89011703274306260375,THAR,ACTIVATED,0
2026-02-28 05:08:06,89011703274306260391,TTRN,ACTIVATED,39865344
2026-02-28 05:08:09,89011703274306260409,ILMC,ACTIVATED,0
2026-02-28 05:08:13,89011703274306260417,ILRW,ACTIVATED,0
2026-02-28 05:08:17,89011703274306260433,TPRT,ACTIVATED,41963520
2026-02-28 05:08:21,89011703274306260441,CASO,ACTIVATED,0
2026-02-28 05:08:25,89011703274306260466,WIFA,ACTIVATED,41963520
2026-02-28 05:08:28,89011703274306260474,CAMC,ACTIVATED,10263846912
2026-02-28 05:08:32,89011703274306260482,NFGF,ACTIVATED,41988096
2026-02-28 05:08:35,89011703274306260490,TCRN,ACTIVATED,5657167872
2026-02-28 05:08:39,89011703274306260508,TSCB,ACTIVATED,0
2026-02-28 05:08:42,89011703274306260516,TUXB,ACTIVATED,0
2026-02-28 05:08:46,89011703274306260524,TBOW,ACTIVATED,21832704
2026-02-28 05:08:49,89011703274306260532,TRIT,INVENTORY,0
2026-02-28 05:08:52,89011703274306260540,GAFP,ACTIVATED,5703219200
2026-02-28 05:08:56,89011703274306260557,GAWA,ACTIVATED,44578816
2026-02-28 05:08:59,89011703274306260565,TTEC,ACTIVATED,0
2026-02-28 05:09:03,89011703274306260573,MSSL,ACTIVATED,39865344
2026-02-28 05:09:07,89011703274306260581,INIS,ACTIVATED,67625984
2026-02-28 05:09:11,89011703274306260599,INFT,ACTIVATED,50356224
2026-02-28 05:09:15,89011703274306260607,NFTY,ACTIVATED,44644352
2026-02-28 05:09:19,89011703274306260615,KYSL,ACTIVATED,39865344
2026-02-28 05:09:22,89011703274306260623,WAML,ACTIVATED,39865344
2026-02-28 05:09:26,89011703274306260631,MISW,ACTIVATED,41963520
2026-02-28 05:09:30,89011703274306260649,MITV,ACTIVATED,41963520
2026-02-28 05:09:33,89011703274306260664,MIGR,ACTIVATED,41963520
2026-02-28 05:09:36,89011703274306260672,KYLV,ACTIVATED,39832576
2026-02-28 05:09:40,89011703274306260680,MIWN,ACTIVATED,1806336
2026-02-28 05:09:43,89011703274306260698,FLML,ACTIVATED,0
2026-02-28 05:09:47,89011703274306260706,FLPD,ACTIVATED,0
2026-02-28 05:09:50,89011703274306260714,FLPV,ACTIVATED,0
2026-02-28 05:09:54,89011703274306260730,AZHV,ACTIVATED,40331264
2026-02-28 05:09:57,89011703274306260755,ORPL,ACTIVATED,8603648
2026-02-28 05:10:01,89011703274306260763,TXKN,ACTIVATED,65536
2026-02-28 05:10:05,89011703274306260771,MOWN,ACTIVATED,42064896
2026-02-28 05:10:08,89011703278777933097,CATY,ACTIVATED,6047886336
2026-02-28 05:10:12,89011703278778020142,ORWV,ACTIVATED,0
2026-02-28 05:10:16,89011703278778198195,CAAL,ACTIVATED,4683380736
2026-02-28 05:10:20,89011703274291052357,IVAL,ACTIVATED,1693373440
2026-02-28 05:10:24,89011702274315571912,ILLK,ACTIVATED,6004648960
2026-02-28 05:10:27,89011702274410155280,Macon Rover,ACTIVATED,25584640
2026-02-28 05:10:31,89011702274410155330,GAMA,ACTIVATED,4735892480
2026-02-28 05:10:34,89011702274410155348,GAMH,ACTIVATED,1255019520
2026-02-28 05:10:38,89011703274303620837,VALN,ACTIVATED,209816576
2026-02-28 05:10:41,89011703274303620878,VAAX,ACTIVATED,41963520
2026-02-28 05:10:44,89011702274410155355,GATC,ACTIVATED,40456192
2026-02-28 05:10:48,89011702274410155363,GAMS,ACTIVATED,39865344
2026-02-28 05:10:51,89011702274410155371,GADN,ACTIVATED,38916096
2026-02-28 05:10:55,89011702274410155389,GADV,ACTIVATED,60848128
2026-02-28 05:10:58,89011702274410156551,ILEF,ACTIVATED,4947972096
2026-02-28 05:11:02,89011702274410156577,IDJM,ACTIVATED,40923136
2026-02-28 05:11:06,89011702274410156890,GAWB,ACTIVATED,5623484416
2026-02-28 05:11:10,89011702274410156908,GAST,ACTIVATED,8280811520
2026-02-28 05:11:13,89011702274410157005,GAMO,ACTIVATED,0
2026-02-28 05:11:17,89011702274410157013,WATC,ACTIVATED,8719360
2026-02-28 05:11:21,89011702274410157021,WAKN,ACTIVATED,5812425728
2026-02-28 05:11:25,89011702274410157039,WAMV,ACTIVATED,0
2026-02-28 05:11:28,89011702274410157047,WAWW,ACTIVATED,0
2026-02-28 05:11:32,89011702274410157054,WARL,ACTIVATED,0
2026-02-28 05:11:35,89011702274410157062,WAPC,ACTIVATED,3676010496
2026-02-28 05:11:39,89011702274410157070,WABU,ACTIVATED,0
2026-02-28 05:11:42,89011702274410157088,WABC,ACTIVATED,0
2026-02-28 05:11:46,89011702274410157096,CAVC,ACTIVATED,5766285312
2026-02-28 05:11:49,89011702274410157104,CASM,ACTIVATED,17408
2026-02-28 05:11:53,89011702274410157112,CARD,ACTIVATED,0
2026-02-28 05:11:56,89011702274410157120,CAMT,ACTIVATED,0
2026-02-28 05:12:00,89011702274410157138,CAAB,ACTIVATED,0
2026-02-28 05:12:03,89011702274410157146,ORKF,ACTIVATED,41963520
2026-02-28 05:12:07,89011702274410157153,ORBD,ACTIVATED,39865344
2026-02-28 05:12:11,89011702274410157161,ORMS,ACTIVATED,18883584
2026-02-28 05:12:15,89011702274410157179,WAYK,ACTIVATED,41963520
2026-02-28 05:12:19,89011702274410157187,WAWN,ACTIVATED,15739904
2026-02-28 05:12:23,89011702274410157195,MAX1,ACTIVATED,0
2026-02-28 05:12:26,89011702274410157203,NVRN,ACTIVATED,0
2026-02-28 05:12:30,89011702274410157211,STHE,ACTIVATED,0
2026-02-28 05:12:33,89011702274410157229,OREU,ACTIVATED,1137316864
2026-02-28 05:12:37,89011702274410157237,WASP,ACTIVATED,5974563840
2026-02-28 05:12:40,89011702274410157245,IDPY,ACTIVATED,0
2026-02-28 05:12:44,89011702274410157252,ORUG,ACTIVATED,41963520
2026-02-28 08:30:35,89011702274410157260,ORHG,ACTIVATED,69241856
2026-02-28 08:31:06,89011702274410157484,GATY,ACTIVATED,39865344
2026-02-28 10:57:40,89011703274044237362,ILDC,ACTIVATED,41963520
2026-02-28 10:57:46,89011703274044237396,IDGV,ACTIVATED,3764783104
2026-03-01 05:00:18,89011703274044237529,LABC,ACTIVATED,44061696
2026-03-01 05:00:22,89011703274044237537,TSHK,ACTIVATED,46159872
2026-03-01 05:00:26,89011703274044237685,ILBG,ACTIVATED,45831168
2026-03-01 05:00:29,89011703274044237701,ILKX,ACTIVATED,0
2026-03-01 05:00:33,89011703274044237719,TACN,ACTIVATED,3416121344
2026-03-01 05:00:36,89011703274044237735,TBRM,ACTIVATED,46159872
2026-03-01 05:00:40,89011703274044237743,TPKG,ACTIVATED,46159872
2026-03-01 05:00:44,89011703274044237750,MXMY,ACTIVATED,7168
2026-03-01 05:00:47,89011703274044237784,THMN,ACTIVATED,44276736
2026-03-01 05:00:51,89011703274044237792,TMIL,ACTIVATED,0
2026-03-01 05:00:54,89011703274044237800,GAJS,ACTIVATED,44061696
2026-03-01 05:00:58,89011703274044237818,QCB0,ACTIVATED,44012544
2026-03-01 05:01:01,89011703274044237826,INBG,ACTIVATED,4553448448
2026-03-01 05:01:05,89011703274044237834,LAMN,ACTIVATED,2341682176
2026-03-01 05:01:09,89011703274044237859,TBRA,ACTIVATED,44061696
2026-03-01 05:01:13,89011703274044237875,MXCA,ACTIVATED,44359680
2026-03-01 05:01:17,89011703274044237909,MXSC,ACTIVATED,2673210368
2026-03-01 05:01:21,89011703274044237917,TAMR,ACTIVATED,46159872
2026-03-01 05:01:25,89011703274044237925,WADH,ACTIVATED,25907200
2026-03-01 05:01:28,89011703274044237933,KINC,ACTIVATED,46159872
2026-03-01 05:01:32,89011703274044237941,ILWA,ACTIVATED,31472640
2026-03-01 05:01:35,89011703274044237958,GAAV,ACTIVATED,46159872
2026-03-01 05:01:39,89011703274044802389,PACN,ACTIVATED,47000576
2026-03-01 05:01:43,89011703274044802413,PAFV,ACTIVATED,46159872
2026-03-01 05:01:46,89011703274044802421,INNW,ACTIVATED,0
2026-03-01 05:01:50,89011703274044802439,IDRY,ACTIVATED,880658432
2026-03-01 05:01:53,89011703274044802447,PAMG,ACTIVATED,50356224
2026-03-01 05:01:57,89011703274044802454,NJEH,ACTIVATED,0
2026-03-01 05:02:00,89011703274044803460,ILLV,ACTIVATED,46159872
2026-03-01 05:02:04,89011703274044803478,INKO,ACTIVATED,0
2026-03-01 05:02:08,89011703274044803486,INNP,ACTIVATED,46261248
2026-03-01 05:02:12,89011703274044803494,MECH,ACTIVATED,0
2026-03-01 05:02:16,89011703274044803502,INAV,ACTIVATED,43147264
2026-03-01 05:02:20,89011703274044803510,INMN,ACTIVATED,46159872
2026-03-01 05:02:24,89011703274044803536,INGD,ACTIVATED,0
2026-03-01 05:02:28,89011703274044803544,ININ,ACTIVATED,46159872
2026-03-01 05:02:31,89011703274044803569,INDM,ACTIVATED,46159872
2026-03-01 05:02:35,89011703274044803577,ILTP,ACTIVATED,46159872
2026-03-01 05:02:38,89011703274044803593,ILSN,ACTIVATED,52454400
2026-03-01 05:02:42,89011703274044803601,INCT,ACTIVATED,46159872
2026-03-01 05:02:45,89011703274044803619,ILRI,ACTIVATED,46159872
2026-03-01 05:02:49,89011703274044803627,ILVD,ACTIVATED,46159872
2026-03-01 05:02:52,89011703274044803635,MASP,ACTIVATED,46159872
2026-03-01 05:02:56,89011703274044803643,MDAN,ACTIVATED,46159872
2026-03-01 05:02:59,89011703274044803650,ILRC,ACTIVATED,45390848
2026-03-01 05:03:03,89011703274044803676,CTNH,ACTIVATED,46159872
2026-03-01 05:03:07,89011703274044803684,CTWT,ACTIVATED,46159872
2026-03-01 05:03:11,89011703274044803692,ILDK,ACTIVATED,0
2026-03-01 05:03:15,89011703274044803700,CTWF,ACTIVATED,46159872
2026-03-01 05:03:19,89011703274044803718,IDWR,ACTIVATED,45422592
2026-03-01 05:03:23,89011703274044803726,INWN,ACTIVATED,46159872
2026-03-01 05:03:26,89011703274044803742,IDBS,ACTIVATED,46152704
2026-03-01 05:03:30,89011703274044803759,IDSY,ACTIVATED,45114368
2026-03-01 05:03:33,89011703274044803767,ILDV,ACTIVATED,46159872
2026-03-01 05:03:37,89011703274044803775,ILDP,ACTIVATED,60847104
2026-03-01 05:03:40,89011703274044803783,CTOX,ACTIVATED,50355200
2026-03-01 05:03:44,89011703274044803791,CTHF,ACTIVATED,46159872
2026-03-01 05:03:47,89011703274044803809,ILCS,ACTIVATED,2559893504
2026-03-01 05:03:51,89011703274044803817,IDNP,ACTIVATED,48647168
2026-03-01 05:03:54,89011703274044803825,IDPR,ACTIVATED,0
2026-03-01 05:03:58,89011703274044803833,IDDK,ACTIVATED,6533459968
2026-03-01 05:04:01,89011703274044803841,IDAN,ACTIVATED,3525156864
2026-03-01 05:04:05,89011703274044803890,KSKC,ACTIVATED,44061696
2026-03-01 05:04:09,89011703274044803908,ILPN,ACTIVATED,0
2026-03-01 05:04:13,89011703274044803916,ILGB,ACTIVATED,38877184
2026-03-01 05:04:17,89011703274044803924,IDTN,ACTIVATED,0
2026-03-01 05:04:21,89011703274044803932,IDBR,ACTIVATED,0
2026-03-01 05:04:25,89011703274044803940,IDCW,ACTIVATED,0
2026-03-01 05:04:28,89011703274044803957,IDRT,ACTIVATED,48109568
2026-03-01 05:04:32,89011703274291052308,TAMW,ACTIVATED,0
2026-03-01 05:04:36,89011703274303619904,MUUR,ACTIVATED,58749952
2026-03-01 05:04:39,89011703274303620068,WYPD,ACTIVATED,41963520
2026-03-01 05:04:42,89011703274303620076,PACP,ACTIVATED,5702448128
2026-03-01 05:04:46,89011703274303620167,MABL,ACTIVATED,850800640
2026-03-01 05:04:49,89011703274303620175,MAYP,ACTIVATED,56306688
2026-03-01 05:04:53,89011703274303620688,TNUM,ACTIVATED,56650752
2026-03-01 05:04:56,89011703274303620696,TPCB,ACTIVATED,3113981952
2026-03-01 05:05:00,89011703274303620738,PACK,ACTIVATED,0
2026-03-01 05:05:04,89011703274303620746,CAPE,ACTIVATED,7484670976
2026-03-01 05:05:08,89011703274303620753,FLWN,ACTIVATED,461635584
2026-03-01 05:05:12,89011703274303620761,ORHN,ACTIVATED,0
2026-03-01 05:05:15,89011703274303620779,WASS,ACTIVATED,10667952128
2026-03-01 05:05:19,89011703274303620787,TSTT,ACTIVATED,0
2026-03-01 05:05:23,89011703274303620795,TMIV,ACTIVATED,6009997312
2026-03-01 05:05:27,89011703274303620803,TWNH,ACTIVATED,50356224
2026-03-01 05:05:30,89011703274303620811,TNOL,ACTIVATED,52426752
2026-03-01 05:05:34,89011703274303620829,TWSK,ACTIVATED,7578584064
2026-03-01 05:05:37,89011703274303620928,TXRN,ACTIVATED,45330432
2026-03-01 05:05:41,89011703274303620936,CARO,ACTIVATED,45694976
2026-03-01 05:05:44,89011703274303621009,FLBO,ACTIVATED,130048
2026-03-01 05:05:48,89011703274303621025,TGPH,ACTIVATED,44061696
2026-03-01 05:05:51,89011703274303621041,FLPM,ACTIVATED,0
2026-03-01 05:05:55,89011703274303621074,MASC,ACTIVATED,1653760
2026-03-01 05:05:58,89011703274303621082,TCLD,ACTIVATED,1603845120
2026-03-01 05:06:02,89011703274303621132,TDUN,ACTIVATED,2589367296
2026-03-01 05:06:06,89011703274303621140,CAPB,ACTIVATED,48258048
2026-03-01 05:06:10,89011703274303621199,IDSV,ACTIVATED,46136320
2026-03-01 05:06:14,89011703274303621223,PAHG,ACTIVATED,0
2026-03-01 05:06:18,89011703274303621231,FLVN,ACTIVATED,0
2026-03-01 05:06:21,89011703274303621272,BARR,ACTIVATED,44729344
2026-03-01 05:06:25,89011703274303621280,TWLT,ACTIVATED,3172719616
2026-03-01 05:06:29,89011703274303621314,TCTH,ACTIVATED,44061696
2026-03-01 05:06:32,89011703274303621322,FLTS,ACTIVATED,3842388992
2026-03-01 05:06:36,89011703274303621330,TXDS,ACTIVATED,0
2026-03-01 05:06:39,89011703274303621348,TXV1,ACTIVATED,0
2026-03-01 05:06:43,89011703274303621355,TXBD,ACTIVATED,30720
2026-03-01 05:06:46,89011703274303621363,TXAS,ACTIVATED,0
2026-03-01 05:06:50,89011703274303621371,TXSF,ACTIVATED,0
2026-03-01 05:06:53,89011703274306259302,PAUT,ACTIVATED,48258048
2026-03-01 05:06:57,89011703274306259310,PANW,ACTIVATED,48258048
2026-03-01 05:07:00,89011703274306259328,PAWD,ACTIVATED,0
2026-03-01 05:07:04,89011703274306259369,IDFH,ACTIVATED,48164864
2026-03-01 05:07:08,89011703274306259377,PAAN,ACTIVATED,0
2026-03-01 05:07:12,89011703274306259427,SCOTT_TEST,ACTIVATED,0
2026-03-01 05:07:16,89011703274306259435,ILOT,ACTIVATED,46159872
2026-03-01 05:07:20,89011703274306259443,PABV,ACTIVATED,46159872
2026-03-01 05:07:24,89011703274306259450,MAWO,ACTIVATED,46159872
2026-03-01 05:07:27,89011703274306259468,OSHA,ACTIVATED,3648723968
2026-03-01 05:07:31,89011703274306260284,NEP5,ACTIVATED,0
2026-03-01 05:07:34,89011703274306260292,EAS5,INVENTORY,0
2026-03-01 05:07:38,89011703274306260300,IAIN,ACTIVATED,60847104
2026-03-01 05:07:41,89011703274306260326,TCRL,ACTIVATED,0
2026-03-01 05:07:45,89011703274306260334,TESX,ACTIVATED,7579546624
2026-03-01 05:07:48,89011703274306260342,TMRL,ACTIVATED,51545088
2026-03-01 05:07:52,89011703274306260359,TCHT,ACTIVATED,0
2026-03-01 05:07:55,89011703274306260367,TLMG,ACTIVATED,0
2026-03-01 05:07:59,89011703274306260375,THAR,ACTIVATED,0
2026-03-01 05:08:03,89011703274306260391,TTRN,ACTIVATED,44061696
2026-03-01 05:08:07,89011703274306260409,ILMC,ACTIVATED,0
2026-03-01 05:08:10,89011703274306260417,ILRW,ACTIVATED,0
2026-03-01 05:08:14,89011703274306260433,TPRT,ACTIVATED,46159872
2026-03-01 05:08:18,89011703274306260441,CASO,ACTIVATED,0
2026-03-01 05:08:22,89011703274306260466,WIFA,ACTIVATED,46159872
2026-03-01 05:08:26,89011703274306260474,CAMC,ACTIVATED,11392773120
2026-03-01 05:08:29,89011703274306260482,NFGF,ACTIVATED,46184448
2026-03-01 05:08:33,89011703274306260490,TCRN,ACTIVATED,6275492864
2026-03-01 05:08:36,89011703274306260508,TSCB,ACTIVATED,0
2026-03-01 05:08:40,89011703274306260516,TUXB,ACTIVATED,0
2026-03-01 05:08:44,89011703274306260524,TBOW,ACTIVATED,23930880
2026-03-01 05:08:47,89011703274306260532,TRIT,INVENTORY,0
2026-03-01 05:08:51,89011703274306260540,GAFP,ACTIVATED,6219398144
2026-03-01 05:08:54,89011703274306260557,GAWA,ACTIVATED,50873344
2026-03-01 05:08:58,89011703274306260565,TTEC,ACTIVATED,0
2026-03-01 05:09:01,89011703274306260573,MSSL,ACTIVATED,44061696
2026-03-01 05:09:05,89011703274306260581,INIS,ACTIVATED,67625984
2026-03-01 05:09:09,89011703274306260599,INFT,ACTIVATED,54552576
2026-03-01 05:09:13,89011703274306260607,NFTY,ACTIVATED,48840704
2026-03-01 05:09:17,89011703274306260615,KYSL,ACTIVATED,46159872
2026-03-01 05:09:21,89011703274306260623,WAML,ACTIVATED,44061696
2026-03-01 05:09:24,89011703274306260631,MISW,ACTIVATED,48258048
2026-03-01 05:09:28,89011703274306260649,MITV,ACTIVATED,46159872
2026-03-01 05:09:31,89011703274306260664,MIGR,ACTIVATED,46159872
2026-03-01 05:09:35,89011703274306260672,KYLV,ACTIVATED,44335104
2026-03-01 05:09:38,89011703274306260680,MIWN,ACTIVATED,1806336
2026-03-01 05:09:42,89011703274306260698,FLML,ACTIVATED,0
2026-03-01 05:09:45,89011703274306260706,FLPD,ACTIVATED,0
2026-03-01 05:09:49,89011703274306260714,FLPV,ACTIVATED,0
2026-03-01 05:09:52,89011703274306260730,AZHV,ACTIVATED,44847104
2026-03-01 05:09:56,89011703274306260755,ORPL,ACTIVATED,8603648
2026-03-01 05:10:00,89011703274306260763,TXKN,ACTIVATED,68608
2026-03-01 05:10:04,89011703274306260771,MOWN,ACTIVATED,46261248
2026-03-01 05:10:07,89011703278777933097,CATY,ACTIVATED,6706766848
2026-03-01 05:10:11,89011703278778020142,ORWV,ACTIVATED,0
2026-03-01 05:10:15,89011703278778198195,CAAL,ACTIVATED,5105138688
2026-03-01 05:10:19,89011703274291052357,IVAL,ACTIVATED,1878030336
2026-03-01 05:10:23,89011702274315571912,ILLK,ACTIVATED,6667731968
2026-03-01 05:10:27,89011702274410155280,Macon Rover,ACTIVATED,27682816
2026-03-01 05:10:30,89011702274410155330,GAMA,ACTIVATED,5401066496
2026-03-01 05:10:34,89011702274410155348,GAMH,ACTIVATED,2037709824
2026-03-01 05:10:37,89011703274303620837,VALN,ACTIVATED,214012928
2026-03-01 05:10:41,89011703274303620878,VAAX,ACTIVATED,46159872
2026-03-01 05:10:45,89011702274410155355,GATC,ACTIVATED,44652544
2026-03-01 05:10:48,89011702274410155363,GAMS,ACTIVATED,44061696
2026-03-01 05:10:52,89011702274410155371,GADN,ACTIVATED,43112448
2026-03-01 05:10:55,89011702274410155389,GADV,ACTIVATED,65044480
2026-03-01 05:10:59,89011702274410156551,ILEF,ACTIVATED,4952168448
2026-03-01 05:11:03,89011702274410156577,IDJM,ACTIVATED,45119488
2026-03-01 05:11:07,89011702274410156890,GAWB,ACTIVATED,6244576256
2026-03-01 05:11:11,89011702274410156908,GAST,ACTIVATED,8285007872
2026-03-01 05:11:15,89011702274410157005,GAMO,ACTIVATED,0
2026-03-01 05:11:18,89011702274410157013,WATC,ACTIVATED,15013888
2026-03-01 05:11:22,89011702274410157021,WAKN,ACTIVATED,6427249664
2026-03-01 05:11:26,89011702274410157039,WAMV,ACTIVATED,0
2026-03-01 05:11:30,89011702274410157047,WAWW,ACTIVATED,0
2026-03-01 05:11:33,89011702274410157054,WARL,ACTIVATED,0
2026-03-01 05:11:37,89011702274410157062,WAPC,ACTIVATED,3676010496
2026-03-01 05:11:40,89011702274410157070,WABU,ACTIVATED,0
2026-03-01 05:11:44,89011702274410157088,WABC,ACTIVATED,0
2026-03-01 05:11:47,89011702274410157096,CAVC,ACTIVATED,6395795456
2026-03-01 05:11:51,89011702274410157104,CASM,ACTIVATED,19456
2026-03-01 05:11:54,89011702274410157112,CARD,ACTIVATED,0
2026-03-01 05:11:58,89011702274410157120,CAMT,ACTIVATED,0
2026-03-01 05:12:01,89011702274410157138,CAAB,ACTIVATED,0
2026-03-01 05:12:05,89011702274410157146,ORKF,ACTIVATED,46159872
2026-03-01 05:12:09,89011702274410157153,ORBD,ACTIVATED,44061696
2026-03-01 05:12:13,89011702274410157161,ORMS,ACTIVATED,20981760
2026-03-01 05:12:17,89011702274410157179,WAYK,ACTIVATED,46159872
2026-03-01 05:12:21,89011702274410157187,WAWN,ACTIVATED,20282368
2026-03-01 05:12:25,89011702274410157195,MAX1,ACTIVATED,0
2026-03-01 05:12:28,89011702274410157203,NVRN,ACTIVATED,0
2026-03-01 05:12:32,89011702274410157211,STHE,ACTIVATED,0
2026-03-01 05:12:35,89011702274410157229,OREU,ACTIVATED,1687088128
2026-03-01 05:12:39,89011702274410157237,WASP,ACTIVATED,6662825984
2026-03-01 05:12:42,89011702274410157245,IDPY,ACTIVATED,0
2026-03-01 05:12:46,89011702274410157252,ORUG,ACTIVATED,48258048
2026-03-01 05:12:49,89011702274410157260,ORHG,ACTIVATED,75536384
2026-03-01 05:12:53,89011702274410157484,GATY,ACTIVATED,44061696
2026-03-01 05:12:56,89011703274044237362,ILDC,ACTIVATED,46159872
2026-03-01 05:13:00,89011703274044237396,IDGV,ACTIVATED,4180256768
2026-03-01 10:56:18,89011703274044237404,IDMH,ACTIVATED,2284699648
2026-03-01 10:56:24,89011703274044237420,PATS,ACTIVATED,48258048
2026-03-01 10:56:28,89011703274044237438,NHCD,ACTIVATED,6874226688
2026-03-01 10:56:31,89011703274044237446,ILCY,ACTIVATED,6144
2026-03-02 05:00:18,89011703274044237701,ILKX,ACTIVATED,0
2026-03-02 05:00:22,89011703274044237719,TACN,ACTIVATED,4022553600
2026-03-02 05:00:26,89011703274044237735,TBRM,ACTIVATED,50356224
2026-03-02 05:00:29,89011703274044237743,TPKG,ACTIVATED,50356224
2026-03-02 05:00:33,89011703274044237750,MXMY,ACTIVATED,9216
2026-03-02 05:00:36,89011703274044237784,THMN,ACTIVATED,50571264
2026-03-02 05:00:40,89011703274044237792,TMIL,ACTIVATED,0
2026-03-02 05:00:43,89011703274044237800,GAJS,ACTIVATED,48258048
2026-03-02 05:00:46,89011703274044237818,QCB0,ACTIVATED,50307072
2026-03-02 05:00:50,89011703274044237826,INBG,ACTIVATED,4559742976
2026-03-02 05:00:53,89011703274044237834,LAMN,ACTIVATED,2853670912
2026-03-02 05:00:57,89011703274044237859,TBRA,ACTIVATED,48258048
2026-03-02 05:01:00,89011703274044237875,MXCA,ACTIVATED,48556032
2026-03-02 05:01:04,89011703274044237909,MXSC,ACTIVATED,3193588736
2026-03-02 05:01:08,89011703274044237917,TAMR,ACTIVATED,50356224
2026-03-02 05:01:12,89011703274044237925,WADH,ACTIVATED,30105600
2026-03-02 05:01:16,89011703274044237933,KINC,ACTIVATED,50356224
2026-03-02 05:01:20,89011703274044237941,ILWA,ACTIVATED,33570816
2026-03-02 05:01:24,89011703274044237958,GAAV,ACTIVATED,50356224
2026-03-02 05:01:27,89011703274044802389,PACN,ACTIVATED,51196928
2026-03-02 05:01:31,89011703274044802413,PAFV,ACTIVATED,52454400
2026-03-02 05:01:34,89011703274044802421,INNW,ACTIVATED,0
2026-03-02 05:01:37,89011703274044802439,IDRY,ACTIVATED,884854784
2026-03-02 05:01:41,89011703274044802447,PAMG,ACTIVATED,54552576
2026-03-02 05:01:44,89011703274044802454,NJEH,ACTIVATED,0
2026-03-02 05:01:48,89011703274044803460,ILLV,ACTIVATED,50356224
2026-03-02 05:01:51,89011703274044803478,INKO,ACTIVATED,0
2026-03-02 05:01:55,89011703274044803486,INNP,ACTIVATED,50457600
2026-03-02 05:01:58,89011703274044803494,MECH,ACTIVATED,0
2026-03-02 05:02:02,89011703274044803502,INAV,ACTIVATED,47343616
2026-03-02 05:02:06,89011703274044803510,INMN,ACTIVATED,50356224
2026-03-02 05:02:09,89011703274044803536,INGD,ACTIVATED,0
2026-03-02 05:02:13,89011703274044803544,ININ,ACTIVATED,50356224
2026-03-02 05:02:17,89011703274044803569,INDM,ACTIVATED,50356224
2026-03-02 05:02:21,89011703274044803577,ILTP,ACTIVATED,50356224
2026-03-02 05:02:25,89011703274044803593,ILSN,ACTIVATED,58748928
2026-03-02 05:02:28,89011703274044803601,INCT,ACTIVATED,50356224
2026-03-02 05:02:32,89011703274044803619,ILRI,ACTIVATED,50356224
2026-03-02 05:02:35,89011703274044803627,ILVD,ACTIVATED,50356224
2026-03-02 05:02:39,89011703274044803635,MASP,ACTIVATED,50356224
2026-03-02 05:02:42,89011703274044803643,MDAN,ACTIVATED,50356224
2026-03-02 05:02:46,89011703274044803650,ILRC,ACTIVATED,51685376
2026-03-02 05:02:49,89011703274044803676,CTNH,ACTIVATED,50356224
2026-03-02 05:02:53,89011703274044803684,CTWT,ACTIVATED,48258048
2026-03-02 05:02:56,89011703274044803692,ILDK,ACTIVATED,0
2026-03-02 05:02:59,89011703274044803700,CTWF,ACTIVATED,52454400
2026-03-02 05:03:03,89011703274044803718,IDWR,ACTIVATED,49618944
2026-03-02 05:03:07,89011703274044803726,INWN,ACTIVATED,50356224
2026-03-02 05:03:11,89011703274044803742,IDBS,ACTIVATED,52447232
2026-03-02 05:03:15,89011703274044803759,IDSY,ACTIVATED,49310720
2026-03-02 05:03:19,89011703274044803767,ILDV,ACTIVATED,50356224
2026-03-02 05:03:22,89011703274044803775,ILDP,ACTIVATED,65043456
2026-03-02 05:03:26,89011703274044803783,CTOX,ACTIVATED,56649728
2026-03-02 05:03:30,89011703274044803791,CTHF,ACTIVATED,50356224
2026-03-02 05:03:33,89011703274044803809,ILCS,ACTIVATED,2809589760
2026-03-02 05:03:36,89011703274044803817,IDNP,ACTIVATED,52843520
2026-03-02 05:03:40,89011703274044803825,IDPR,ACTIVATED,0
2026-03-02 05:03:43,89011703274044803833,IDDK,ACTIVATED,7169264640
2026-03-02 05:03:47,89011703274044803841,IDAN,ACTIVATED,4328818688
2026-03-02 05:03:50,89011703274044803890,KSKC,ACTIVATED,50356224
2026-03-02 05:03:54,89011703274044803908,ILPN,ACTIVATED,0
2026-03-02 05:03:57,89011703274044803916,ILGB,ACTIVATED,45171712
2026-03-02 05:04:01,89011703274044803924,IDTN,ACTIVATED,0
2026-03-02 05:04:05,89011703274044803932,IDBR,ACTIVATED,0
2026-03-02 05:04:09,89011703274044803940,IDCW,ACTIVATED,0
2026-03-02 05:04:12,89011703274044803957,IDRT,ACTIVATED,52305920
2026-03-02 05:04:16,89011703274291052308,TAMW,ACTIVATED,0
2026-03-02 05:04:20,89011703274303619904,MUUR,ACTIVATED,62946304
2026-03-02 05:04:24,89011703274303620068,WYPD,ACTIVATED,48258048
2026-03-02 05:04:27,89011703274303620076,PACP,ACTIVATED,6254297088
2026-03-02 05:04:31,89011703274303620167,MABL,ACTIVATED,995589120
2026-03-02 05:04:34,89011703274303620175,MAYP,ACTIVATED,62601216
2026-03-02 05:04:38,89011703274303620688,TNUM,ACTIVATED,62945280
2026-03-02 05:04:41,89011703274303620696,TPCB,ACTIVATED,3416145920
2026-03-02 05:04:45,89011703274303620738,PACK,ACTIVATED,0
2026-03-02 05:04:48,89011703274303620746,CAPE,ACTIVATED,8206486528
2026-03-02 05:04:52,89011703274303620753,FLWN,ACTIVATED,702943232
2026-03-02 05:04:55,89011703274303620761,ORHN,ACTIVATED,0
2026-03-02 05:04:58,89011703274303620779,WASS,ACTIVATED,11801067520
2026-03-02 05:05:02,89011703274303620787,TSTT,ACTIVATED,0
2026-03-02 05:05:06,89011703274303620795,TMIV,ACTIVATED,6670976000
2026-03-02 05:05:10,89011703274303620803,TWNH,ACTIVATED,54552576
2026-03-02 05:05:14,89011703274303620811,TNOL,ACTIVATED,56623104
2026-03-02 05:05:17,89011703274303620829,TWSK,ACTIVATED,8100619264
2026-03-02 05:05:21,89011703274303620928,TXRN,ACTIVATED,49526784
2026-03-02 05:05:25,89011703274303620936,CARO,ACTIVATED,49891328
2026-03-02 05:05:29,89011703274303621009,FLBO,ACTIVATED,130048
2026-03-02 05:05:32,89011703274303621025,TGPH,ACTIVATED,50356224
2026-03-02 05:05:36,89011703274303621041,FLPM,ACTIVATED,0
2026-03-02 05:05:39,89011703274303621074,MASC,ACTIVATED,1653760
2026-03-02 05:05:43,89011703274303621082,TCLD,ACTIVATED,1610139648
2026-03-02 05:05:46,89011703274303621132,TDUN,ACTIVATED,2593563648
2026-03-02 05:05:50,89011703274303621140,CAPB,ACTIVATED,52454400
2026-03-02 05:05:53,89011703274303621199,IDSV,ACTIVATED,50332672
2026-03-02 05:05:56,89011703274303621223,PAHG,ACTIVATED,0
2026-03-02 05:06:00,89011703274303621231,FLVN,ACTIVATED,0
2026-03-02 05:06:04,89011703274303621272,BARR,ACTIVATED,48925696
2026-03-02 05:06:08,89011703274303621280,TWLT,ACTIVATED,3481174016
2026-03-02 05:06:11,89011703274303621314,TCTH,ACTIVATED,48258048
2026-03-02 05:06:15,89011703274303621322,FLTS,ACTIVATED,4381673472
2026-03-02 05:06:19,89011703274303621330,TXDS,ACTIVATED,0
2026-03-02 05:06:23,89011703274303621348,TXV1,ACTIVATED,0
2026-03-02 05:06:27,89011703274303621355,TXBD,ACTIVATED,30720
2026-03-02 05:06:30,89011703274303621363,TXAS,ACTIVATED,0
2026-03-02 05:06:34,89011703274303621371,TXSF,ACTIVATED,0
2026-03-02 05:06:37,89011703274306259302,PAUT,ACTIVATED,52454400
2026-03-02 05:06:41,89011703274306259310,PANW,ACTIVATED,52454400
2026-03-02 05:06:45,89011703274306259328,PAWD,ACTIVATED,0
2026-03-02 05:06:48,89011703274306259369,IDFH,ACTIVATED,52361216
2026-03-02 05:06:51,89011703274306259377,PAAN,ACTIVATED,0
2026-03-02 05:06:55,89011703274306259427,SCOTT_TEST,ACTIVATED,0
2026-03-02 05:06:58,89011703274306259435,ILOT,ACTIVATED,50356224
2026-03-02 05:07:02,89011703274306259443,PABV,ACTIVATED,52454400
2026-03-02 05:07:06,89011703274306259450,MAWO,ACTIVATED,50356224
2026-03-02 05:07:10,89011703274306259468,OSHA,ACTIVATED,3652920320
2026-03-02 05:07:14,89011703274306260284,NEP5,ACTIVATED,0
2026-03-02 05:07:18,89011703274306260292,EAS5,INVENTORY,0
2026-03-02 05:07:21,89011703274306260300,IAIN,ACTIVATED,65043456
2026-03-02 05:07:25,89011703274306260326,TCRL,ACTIVATED,0
2026-03-02 05:07:29,89011703274306260334,TESX,ACTIVATED,8307680256
2026-03-02 05:07:32,89011703274306260342,TMRL,ACTIVATED,55741440
2026-03-02 05:07:36,89011703274306260359,TCHT,ACTIVATED,0
2026-03-02 05:07:39,89011703274306260367,TLMG,ACTIVATED,0
2026-03-02 05:07:42,89011703274306260375,THAR,ACTIVATED,0
2026-03-02 05:07:46,89011703274306260391,TTRN,ACTIVATED,48258048
2026-03-02 05:07:49,89011703274306260409,ILMC,ACTIVATED,0
2026-03-02 05:07:53,89011703274306260417,ILRW,ACTIVATED,0
2026-03-02 05:07:56,89011703274306260433,TPRT,ACTIVATED,50356224
2026-03-02 05:08:00,89011703274306260441,CASO,ACTIVATED,0
2026-03-02 05:08:04,89011703274306260466,WIFA,ACTIVATED,50356224
2026-03-02 05:08:07,89011703274306260474,CAMC,ACTIVATED,12500694016
2026-03-02 05:08:11,89011703274306260482,NFGF,ACTIVATED,50380800
2026-03-02 05:08:15,89011703274306260490,TCRN,ACTIVATED,6888213504
2026-03-02 05:08:19,89011703274306260508,TSCB,ACTIVATED,0
2026-03-02 05:08:23,89011703274306260516,TUXB,ACTIVATED,0
2026-03-02 05:08:27,89011703274306260524,TBOW,ACTIVATED,26029056
2026-03-02 05:08:30,89011703274306260532,TRIT,INVENTORY,0
2026-03-02 05:08:34,89011703274306260540,GAFP,ACTIVATED,6725088256
2026-03-02 05:08:37,89011703274306260557,GAWA,ACTIVATED,55069696
2026-03-02 05:08:40,89011703274306260565,TTEC,ACTIVATED,0
2026-03-02 05:08:44,89011703274306260573,MSSL,ACTIVATED,48258048
2026-03-02 05:08:47,89011703274306260581,INIS,ACTIVATED,67625984
2026-03-02 05:08:51,89011703274306260599,INFT,ACTIVATED,58748928
2026-03-02 05:08:54,89011703274306260607,NFTY,ACTIVATED,53037056
2026-03-02 05:08:58,89011703274306260615,KYSL,ACTIVATED,50356224
2026-03-02 05:09:01,89011703274306260623,WAML,ACTIVATED,48258048
2026-03-02 05:09:05,89011703274306260631,MISW,ACTIVATED,52454400
2026-03-02 05:09:09,89011703274306260649,MITV,ACTIVATED,50356224
2026-03-02 05:09:13,89011703274306260664,MIGR,ACTIVATED,50356224
2026-03-02 05:09:16,89011703274306260672,KYLV,ACTIVATED,50629632
2026-03-02 05:09:20,89011703274306260680,MIWN,ACTIVATED,1806336
2026-03-02 05:09:24,89011703274306260698,FLML,ACTIVATED,0
2026-03-02 05:09:28,89011703274306260706,FLPD,ACTIVATED,0
2026-03-02 05:09:31,89011703274306260714,FLPV,ACTIVATED,0
2026-03-02 05:09:35,89011703274306260730,AZHV,ACTIVATED,49335296
2026-03-02 05:09:39,89011703274306260755,ORPL,ACTIVATED,8603648
2026-03-02 05:09:42,89011703274306260763,TXKN,ACTIVATED,68608
2026-03-02 05:09:45,89011703274306260771,MOWN,ACTIVATED,50457600
2026-03-02 05:09:49,89011703278777933097,CATY,ACTIVATED,7344678912
2026-03-02 05:09:52,89011703278778020142,ORWV,ACTIVATED,0
2026-03-02 05:09:56,89011703278778198195,CAAL,ACTIVATED,5111433216
2026-03-02 05:09:59,89011703274291052357,IVAL,ACTIVATED,2062684160
2026-03-02 05:10:03,89011702274315571912,ILLK,ACTIVATED,7322429440
2026-03-02 05:10:07,89011702274410155280,Macon Rover,ACTIVATED,31879168
2026-03-02 05:10:11,89011702274410155330,GAMA,ACTIVATED,6078820352
2026-03-02 05:10:15,89011702274410155348,GAMH,ACTIVATED,2820405248
2026-03-02 05:10:18,89011703274303620837,VALN,ACTIVATED,218209280
2026-03-02 05:10:22,89011703274303620878,VAAX,ACTIVATED,50356224
2026-03-02 05:10:26,89011702274410155355,GATC,ACTIVATED,48848896
2026-03-02 05:10:29,89011702274410155363,GAMS,ACTIVATED,48258048
2026-03-02 05:10:33,89011702274410155371,GADN,ACTIVATED,47308800
2026-03-02 05:10:36,89011702274410155389,GADV,ACTIVATED,69240832
2026-03-02 05:10:40,89011702274410156551,ILEF,ACTIVATED,4956364800
2026-03-02 05:10:44,89011702274410156577,IDJM,ACTIVATED,51414016
2026-03-02 05:10:47,89011702274410156890,GAWB,ACTIVATED,6884547584
2026-03-02 05:10:51,89011702274410156908,GAST,ACTIVATED,8291302400
2026-03-02 05:10:54,89011702274410157005,GAMO,ACTIVATED,0
2026-03-02 05:10:57,89011702274410157013,WATC,ACTIVATED,17112064
2026-03-02 05:11:01,89011702274410157021,WAKN,ACTIVATED,7067257856
2026-03-02 05:11:05,89011702274410157039,WAMV,ACTIVATED,0
2026-03-02 05:11:09,89011702274410157047,WAWW,ACTIVATED,0
2026-03-02 05:11:13,89011702274410157054,WARL,ACTIVATED,0
2026-03-02 05:11:17,89011702274410157062,WAPC,ACTIVATED,3676010496
2026-03-02 05:11:20,89011702274410157070,WABU,ACTIVATED,0
2026-03-02 05:11:24,89011702274410157088,WABC,ACTIVATED,0
2026-03-02 05:11:28,89011702274410157096,CAVC,ACTIVATED,7008519168
2026-03-02 05:11:31,89011702274410157104,CASM,ACTIVATED,23552
2026-03-02 05:11:35,89011702274410157112,CARD,ACTIVATED,0
2026-03-02 05:11:38,89011702274410157120,CAMT,ACTIVATED,0
2026-03-02 05:11:42,89011702274410157138,CAAB,ACTIVATED,0
2026-03-02 05:11:45,89011702274410157146,ORKF,ACTIVATED,52454400
2026-03-02 05:11:49,89011702274410157153,ORBD,ACTIVATED,48258048
2026-03-02 05:11:52,89011702274410157161,ORMS,ACTIVATED,27276288
2026-03-02 05:11:56,89011702274410157179,WAYK,ACTIVATED,48258048
2026-03-02 05:11:59,89011702274410157187,WAWN,ACTIVATED,22722560
2026-03-02 05:12:03,89011702274410157195,MAX1,ACTIVATED,0
2026-03-02 05:12:07,89011702274410157203,NVRN,ACTIVATED,0
2026-03-02 05:12:11,89011702274410157211,STHE,ACTIVATED,0
2026-03-02 05:12:15,89011702274410157229,OREU,ACTIVATED,2387930112
2026-03-02 05:12:18,89011702274410157237,WASP,ACTIVATED,7309124608
2026-03-02 05:12:22,89011702274410157245,IDPY,ACTIVATED,0
2026-03-02 05:12:26,89011702274410157252,ORUG,ACTIVATED,50356224
2026-03-02 05:12:30,89011702274410157260,ORHG,ACTIVATED,79732736
2026-03-02 05:12:33,89011702274410157484,GATY,ACTIVATED,48258048
2026-03-02 05:12:36,89011703274044237362,ILDC,ACTIVATED,50356224
2026-03-02 05:12:40,89011703274044237396,IDGV,ACTIVATED,4732107776
2026-03-02 05:12:43,89011703274044237404,IDMH,ACTIVATED,2486139904
2026-03-02 05:12:47,89011703274044237420,PATS,ACTIVATED,50356224
2026-03-02 05:12:50,89011703274044237438,NHCD,ACTIVATED,7375745024
2026-03-02 05:12:54,89011703274044237446,ILCY,ACTIVATED,6144
2026-03-02 11:04:04,89011703274044237453,CARM,ACTIVATED,51673088
2026-03-02 11:04:15,89011703274044237511,TWFD,ACTIVATED,2463872000
2026-03-03 05:00:18,89011703274044237743,TPKG,ACTIVATED,54552576
2026-03-03 05:00:22,89011703274044237750,MXMY,ACTIVATED,10240
2026-03-03 05:00:26,89011703274044237784,THMN,ACTIVATED,54372352
2026-03-03 05:00:29,89011703274044237792,TMIL,ACTIVATED,0
2026-03-03 05:00:33,89011703274044237800,GAJS,ACTIVATED,54552576
2026-03-03 05:00:36,89011703274044237818,QCB0,ACTIVATED,54503424
2026-03-03 05:00:40,89011703274044237826,INBG,ACTIVATED,4563939328
2026-03-03 05:00:43,89011703274044237834,LAMN,ACTIVATED,3376149504
2026-03-03 05:00:47,89011703274044237859,TBRA,ACTIVATED,52454400
2026-03-03 05:00:50,89011703274044237875,MXCA,ACTIVATED,52752384
2026-03-03 05:00:54,89011703274044237909,MXSC,ACTIVATED,3722357760
2026-03-03 05:00:58,89011703274044237917,TAMR,ACTIVATED,54552576
2026-03-03 05:01:01,89011703274044237925,WADH,ACTIVATED,32205824
2026-03-03 05:01:05,89011703274044237933,KINC,ACTIVATED,54552576
2026-03-03 05:01:09,89011703274044237941,ILWA,ACTIVATED,37767168
2026-03-03 05:01:13,89011703274044237958,GAAV,ACTIVATED,54552576
2026-03-03 05:01:17,89011703274044802389,PACN,ACTIVATED,55393280
2026-03-03 05:01:21,89011703274044802413,PAFV,ACTIVATED,56650752
2026-03-03 05:01:25,89011703274044802421,INNW,ACTIVATED,0
2026-03-03 05:01:28,89011703274044802439,IDRY,ACTIVATED,889051136
2026-03-03 05:01:32,89011703274044802447,PAMG,ACTIVATED,60847104
2026-03-03 05:01:35,89011703274044802454,NJEH,ACTIVATED,0
2026-03-03 05:01:39,89011703274044803460,ILLV,ACTIVATED,54552576
2026-03-03 05:01:42,89011703274044803478,INKO,ACTIVATED,0
2026-03-03 05:01:46,89011703274044803486,INNP,ACTIVATED,54653952
2026-03-03 05:01:50,89011703274044803494,MECH,ACTIVATED,0
2026-03-03 05:01:53,89011703274044803502,INAV,ACTIVATED,51539968
2026-03-03 05:01:57,89011703274044803510,INMN,ACTIVATED,56650752
2026-03-03 05:02:00,89011703274044803536,INGD,ACTIVATED,0
2026-03-03 05:02:04,89011703274044803544,ININ,ACTIVATED,54552576
2026-03-03 05:02:08,89011703274044803569,INDM,ACTIVATED,56650752
2026-03-03 05:02:12,89011703274044803577,ILTP,ACTIVATED,54552576
2026-03-03 05:02:16,89011703274044803593,ILSN,ACTIVATED,65043456
2026-03-03 05:02:20,89011703274044803601,INCT,ACTIVATED,54552576
2026-03-03 05:02:24,89011703274044803619,ILRI,ACTIVATED,56650752
2026-03-03 05:02:28,89011703274044803627,ILVD,ACTIVATED,54552576
2026-03-03 05:02:31,89011703274044803635,MASP,ACTIVATED,54552576
2026-03-03 05:02:35,89011703274044803643,MDAN,ACTIVATED,54552576
2026-03-03 05:02:38,89011703274044803650,ILRC,ACTIVATED,55881728
2026-03-03 05:02:42,89011703274044803676,CTNH,ACTIVATED,54552576
2026-03-03 05:02:45,89011703274044803684,CTWT,ACTIVATED,51207168
2026-03-03 05:02:49,89011703274044803692,ILDK,ACTIVATED,0
2026-03-03 05:02:52,89011703274044803700,CTWF,ACTIVATED,56650752
2026-03-03 05:02:56,89011703274044803718,IDWR,ACTIVATED,53815296
2026-03-03 05:02:59,89011703274044803726,INWN,ACTIVATED,54552576
2026-03-03 05:03:03,89011703274044803742,IDBS,ACTIVATED,56643584
2026-03-03 05:03:07,89011703274044803759,IDSY,ACTIVATED,55605248
2026-03-03 05:03:10,89011703274044803767,ILDV,ACTIVATED,54552576
2026-03-03 05:03:15,89011703274044803775,ILDP,ACTIVATED,71339008
2026-03-03 05:03:18,89011703274044803783,CTOX,ACTIVATED,60846080
2026-03-03 05:03:22,89011703274044803791,CTHF,ACTIVATED,54552576
2026-03-03 05:03:26,89011703274044803809,ILCS,ACTIVATED,3061391360
2026-03-03 05:03:30,89011703274044803817,IDNP,ACTIVATED,57039872
2026-03-03 05:03:33,89011703274044803825,IDPR,ACTIVATED,0
2026-03-03 05:03:37,89011703274044803833,IDDK,ACTIVATED,7817662464
2026-03-03 05:03:40,89011703274044803841,IDAN,ACTIVATED,5138789376
2026-03-03 05:03:44,89011703274044803890,KSKC,ACTIVATED,54552576
2026-03-03 05:03:47,89011703274044803908,ILPN,ACTIVATED,0
2026-03-03 05:03:51,89011703274044803916,ILGB,ACTIVATED,49368064
2026-03-03 05:03:54,89011703274044803924,IDTN,ACTIVATED,0
2026-03-03 05:03:58,89011703274044803932,IDBR,ACTIVATED,0
2026-03-03 05:04:02,89011703274044803940,IDCW,ACTIVATED,0
2026-03-03 05:04:05,89011703274044803957,IDRT,ACTIVATED,56502272
2026-03-03 05:04:09,89011703274291052308,TAMW,ACTIVATED,0
2026-03-03 05:04:13,89011703274303619904,MUUR,ACTIVATED,67142656
2026-03-03 05:04:17,89011703274303620068,WYPD,ACTIVATED,52454400
2026-03-03 05:04:21,89011703274303620076,PACP,ACTIVATED,6843919360
2026-03-03 05:04:25,89011703274303620167,MABL,ACTIVATED,1138282496
2026-03-03 05:04:29,89011703274303620175,MAYP,ACTIVATED,68896768
2026-03-03 05:04:32,89011703274303620688,TNUM,ACTIVATED,69239808
2026-03-03 05:04:36,89011703274303620696,TPCB,ACTIVATED,3705712640
2026-03-03 05:04:39,89011703274303620738,PACK,ACTIVATED,0
2026-03-03 05:04:43,89011703274303620746,CAPE,ACTIVATED,8945084416
2026-03-03 05:04:46,89011703274303620753,FLWN,ACTIVATED,942156800
2026-03-03 05:04:50,89011703274303620761,ORHN,ACTIVATED,0
2026-03-03 05:04:53,89011703274303620779,WASS,ACTIVATED,12770501632
2026-03-03 05:04:57,89011703274303620787,TSTT,ACTIVATED,0
2026-03-03 05:05:00,89011703274303620795,TMIV,ACTIVATED,7323569152
2026-03-03 05:05:04,89011703274303620803,TWNH,ACTIVATED,58748928
2026-03-03 05:05:08,89011703274303620811,TNOL,ACTIVATED,60819456
2026-03-03 05:05:12,89011703274303620829,TWSK,ACTIVATED,9120449536
2026-03-03 05:05:16,89011703274303620928,TXRN,ACTIVATED,53723136
2026-03-03 05:05:20,89011703274303620936,CARO,ACTIVATED,54087680
2026-03-03 05:05:24,89011703274303621009,FLBO,ACTIVATED,130048
2026-03-03 05:05:28,89011703274303621025,TGPH,ACTIVATED,54552576
2026-03-03 05:05:31,89011703274303621041,FLPM,ACTIVATED,0
2026-03-03 05:05:35,89011703274303621074,MASC,ACTIVATED,1653760
2026-03-03 05:05:38,89011703274303621082,TCLD,ACTIVATED,1834658816
2026-03-03 05:05:42,89011703274303621132,TDUN,ACTIVATED,2597760000
2026-03-03 05:05:45,89011703274303621140,CAPB,ACTIVATED,56650752
2026-03-03 05:05:49,89011703274303621199,IDSV,ACTIVATED,56627200
2026-03-03 05:05:52,89011703274303621223,PAHG,ACTIVATED,0
2026-03-03 05:05:56,89011703274303621231,FLVN,ACTIVATED,0
2026-03-03 05:05:59,89011703274303621272,BARR,ACTIVATED,55220224
2026-03-03 05:06:03,89011703274303621280,TWLT,ACTIVATED,3779143680
2026-03-03 05:06:07,89011703274303621314,TCTH,ACTIVATED,54552576
2026-03-03 05:06:11,89011703274303621322,FLTS,ACTIVATED,4923047936
2026-03-03 05:06:15,89011703274303621330,TXDS,ACTIVATED,0
2026-03-03 05:06:19,89011703274303621348,TXV1,ACTIVATED,0
2026-03-03 05:06:23,89011703274303621355,TXBD,ACTIVATED,30720
2026-03-03 05:06:26,89011703274303621363,TXAS,ACTIVATED,0
2026-03-03 05:06:30,89011703274303621371,TXSF,ACTIVATED,0
2026-03-03 05:06:33,89011703274306259302,PAUT,ACTIVATED,56650752
2026-03-03 05:06:37,89011703274306259310,PANW,ACTIVATED,56650752
2026-03-03 05:06:40,89011703274306259328,PAWD,ACTIVATED,0
2026-03-03 05:06:44,89011703274306259369,IDFH,ACTIVATED,58655744
2026-03-03 05:06:47,89011703274306259377,PAAN,ACTIVATED,0
2026-03-03 05:06:51,89011703274306259427,SCOTT_TEST,ACTIVATED,0
2026-03-03 05:06:55,89011703274306259435,ILOT,ACTIVATED,53903360
2026-03-03 05:06:58,89011703274306259443,PABV,ACTIVATED,56650752
2026-03-03 05:07:02,89011703274306259450,MAWO,ACTIVATED,56650752
2026-03-03 05:07:06,89011703274306259468,OSHA,ACTIVATED,3657116672
2026-03-03 05:07:09,89011703274306260284,NEP5,ACTIVATED,0
2026-03-03 05:07:13,89011703274306260292,EAS5,INVENTORY,0
2026-03-03 05:07:17,89011703274306260300,IAIN,ACTIVATED,71337984
2026-03-03 05:07:21,89011703274306260326,TCRL,ACTIVATED,0
2026-03-03 05:07:25,89011703274306260334,TESX,ACTIVATED,8937193472
2026-03-03 05:07:28,89011703274306260342,TMRL,ACTIVATED,62035968
2026-03-03 05:07:32,89011703274306260359,TCHT,ACTIVATED,0
2026-03-03 05:07:35,89011703274306260367,TLMG,ACTIVATED,0
2026-03-03 05:07:39,89011703274306260375,THAR,ACTIVATED,0
2026-03-03 05:07:42,89011703274306260391,TTRN,ACTIVATED,54552576
2026-03-03 05:07:46,89011703274306260409,ILMC,ACTIVATED,0
2026-03-03 05:07:49,89011703274306260417,ILRW,ACTIVATED,0
2026-03-03 05:07:53,89011703274306260433,TPRT,ACTIVATED,54552576
2026-03-03 05:07:56,89011703274306260441,CASO,ACTIVATED,0
2026-03-03 05:08:00,89011703274306260466,WIFA,ACTIVATED,54552576
2026-03-03 05:08:04,89011703274306260474,CAMC,ACTIVATED,13612833792
2026-03-03 05:08:08,89011703274306260482,NFGF,ACTIVATED,54577152
2026-03-03 05:08:11,89011703274306260490,TCRN,ACTIVATED,7492550656
2026-03-03 05:08:15,89011703274306260508,TSCB,ACTIVATED,0
2026-03-03 05:08:19,89011703274306260516,TUXB,ACTIVATED,0
2026-03-03 05:08:23,89011703274306260524,TBOW,ACTIVATED,28127232
2026-03-03 05:08:27,89011703274306260532,TRIT,INVENTORY,0
2026-03-03 05:08:30,89011703274306260540,GAFP,ACTIVATED,7243371520
2026-03-03 05:08:34,89011703274306260557,GAWA,ACTIVATED,61364224
2026-03-03 05:08:37,89011703274306260565,TTEC,ACTIVATED,0
2026-03-03 05:08:41,89011703274306260573,MSSL,ACTIVATED,52454400
2026-03-03 05:08:45,89011703274306260581,INIS,ACTIVATED,67625984
2026-03-03 05:08:48,89011703274306260599,INFT,ACTIVATED,65043456
2026-03-03 05:08:52,89011703274306260607,NFTY,ACTIVATED,57233408
2026-03-03 05:08:55,89011703274306260615,KYSL,ACTIVATED,54552576
2026-03-03 05:08:58,89011703274306260623,WAML,ACTIVATED,56650752
2026-03-03 05:09:02,89011703274306260631,MISW,ACTIVATED,56650752
2026-03-03 05:09:06,89011703274306260649,MITV,ACTIVATED,56650752
2026-03-03 05:09:10,89011703274306260664,MIGR,ACTIVATED,54552576
2026-03-03 05:09:14,89011703274306260672,KYLV,ACTIVATED,54825984
2026-03-03 05:09:18,89011703274306260680,MIWN,ACTIVATED,1806336
2026-03-03 05:09:22,89011703274306260698,FLML,ACTIVATED,0
2026-03-03 05:09:25,89011703274306260706,FLPD,ACTIVATED,0
2026-03-03 05:09:29,89011703274306260714,FLPV,ACTIVATED,0
2026-03-03 05:09:33,89011703274306260730,AZHV,ACTIVATED,53582848
2026-03-03 05:09:36,89011703274306260755,ORPL,ACTIVATED,8603648
2026-03-03 05:09:40,89011703274306260763,TXKN,ACTIVATED,68608
2026-03-03 05:09:43,89011703274306260771,MOWN,ACTIVATED,56752128
2026-03-03 05:09:47,89011703278777933097,CATY,ACTIVATED,7982573568
2026-03-03 05:09:50,89011703278778020142,ORWV,ACTIVATED,0
2026-03-03 05:09:54,89011703278778198195,CAAL,ACTIVATED,5115629568
2026-03-03 05:09:57,89011703274291052357,IVAL,ACTIVATED,2245252096
2026-03-03 05:10:00,89011702274315571912,ILLK,ACTIVATED,7970824192
2026-03-03 05:10:04,89011702274410155280,Macon Rover,ACTIVATED,33978368
2026-03-03 05:10:08,89011702274410155330,GAMA,ACTIVATED,6779654144
2026-03-03 05:10:12,89011702274410155348,GAMH,ACTIVATED,3634571264
2026-03-03 05:10:16,89011703274303620837,VALN,ACTIVATED,222405632
2026-03-03 05:10:20,89011703274303620878,VAAX,ACTIVATED,54552576
2026-03-03 05:10:24,89011702274410155355,GATC,ACTIVATED,53045248
2026-03-03 05:10:27,89011702274410155363,GAMS,ACTIVATED,52454400
2026-03-03 05:10:31,89011702274410155371,GADN,ACTIVATED,53603328
2026-03-03 05:10:34,89011702274410155389,GADV,ACTIVATED,75535360
2026-03-03 05:10:38,89011702274410156551,ILEF,ACTIVATED,4960561152
2026-03-03 05:10:41,89011702274410156577,IDJM,ACTIVATED,55610368
2026-03-03 05:10:45,89011702274410156890,GAWB,ACTIVATED,7581196288
2026-03-03 05:10:48,89011702274410156908,GAST,ACTIVATED,8295843840
2026-03-03 05:10:52,89011702274410157005,GAMO,ACTIVATED,0
2026-03-03 05:10:55,89011702274410157013,WATC,ACTIVATED,21308416
2026-03-03 05:10:59,89011702274410157021,WAKN,ACTIVATED,7692573696
2026-03-03 05:11:03,89011702274410157039,WAMV,ACTIVATED,0
2026-03-03 05:11:07,89011702274410157047,WAWW,ACTIVATED,0
2026-03-03 05:11:11,89011702274410157054,WARL,ACTIVATED,0
2026-03-03 05:11:15,89011702274410157062,WAPC,ACTIVATED,3676010496
2026-03-03 05:11:18,89011702274410157070,WABU,ACTIVATED,0
2026-03-03 05:11:22,89011702274410157088,WABC,ACTIVATED,0
2026-03-03 05:11:26,89011702274410157096,CAVC,ACTIVATED,7614952448
2026-03-03 05:11:30,89011702274410157104,CASM,ACTIVATED,24576
2026-03-03 05:11:33,89011702274410157112,CARD,ACTIVATED,0
2026-03-03 05:11:37,89011702274410157120,CAMT,ACTIVATED,0
2026-03-03 05:11:40,89011702274410157138,CAAB,ACTIVATED,0
2026-03-03 05:11:44,89011702274410157146,ORKF,ACTIVATED,56650752
2026-03-03 05:11:47,89011702274410157153,ORBD,ACTIVATED,52454400
2026-03-03 05:11:51,89011702274410157161,ORMS,ACTIVATED,27276288
2026-03-03 05:11:54,89011702274410157179,WAYK,ACTIVATED,50356224
2026-03-03 05:11:58,89011702274410157187,WAWN,ACTIVATED,29372416
2026-03-03 05:12:01,89011702274410157195,MAX1,ACTIVATED,0
2026-03-03 05:12:05,89011702274410157203,NVRN,ACTIVATED,0
2026-03-03 05:12:09,89011702274410157211,STHE,ACTIVATED,0
2026-03-03 05:12:13,89011702274410157229,OREU,ACTIVATED,3006954496
2026-03-03 05:12:17,89011702274410157237,WASP,ACTIVATED,7915552768
2026-03-03 05:12:21,89011702274410157245,IDPY,ACTIVATED,0
2026-03-03 05:12:25,89011702274410157252,ORUG,ACTIVATED,56650752
2026-03-03 05:12:28,89011702274410157260,ORHG,ACTIVATED,83929088
2026-03-03 05:12:32,89011702274410157484,GATY,ACTIVATED,52454400
2026-03-03 05:12:35,89011703274044237362,ILDC,ACTIVATED,54552576
2026-03-03 05:12:39,89011703274044237396,IDGV,ACTIVATED,5286063104
2026-03-03 05:12:42,89011703274044237404,IDMH,ACTIVATED,2758913024
2026-03-03 05:12:46,89011703274044237420,PATS,ACTIVATED,56650752
2026-03-03 05:12:49,89011703274044237438,NHCD,ACTIVATED,8028337152
2026-03-03 05:12:53,89011703274044237446,ILCY,ACTIVATED,7168
2026-03-03 05:12:56,89011703274044237453,CARM,ACTIVATED,55869440
2026-03-03 05:13:00,89011703274044237511,TWFD,ACTIVATED,2906633216
2026-03-03 10:55:01,89011703274044237529,LABC,ACTIVATED,54552576
2026-03-03 10:55:05,89011703274044237537,TSHK,ACTIVATED,56650752
2026-03-03 10:55:29,89011703274044237685,ILBG,ACTIVATED,56322048
2026-03-04 05:00:47,89011703274044237750,MXMY,ACTIVATED,11264
2026-03-04 05:00:57,89011703274044237784,THMN,ACTIVATED,58568704
2026-03-04 05:01:03,89011703274044237792,TMIL,ACTIVATED,0
2026-03-04 05:01:08,89011703274044237800,GAJS,ACTIVATED,58748928
2026-03-04 05:01:16,89011703274044237818,QCB0,ACTIVATED,56601600
2026-03-04 05:01:21,89011703274044237826,INBG,ACTIVATED,4568135680
2026-03-04 05:01:26,89011703274044237834,LAMN,ACTIVATED,3894418432
2026-03-04 05:01:30,89011703274044237859,TBRA,ACTIVATED,56650752
2026-03-04 05:01:34,89011703274044237875,MXCA,ACTIVATED,56930304
2026-03-04 05:01:39,89011703274044237909,MXSC,ACTIVATED,4244830208
2026-03-04 05:01:43,89011703274044237917,TAMR,ACTIVATED,58748928
2026-03-04 05:01:47,89011703274044237925,WADH,ACTIVATED,34304000
2026-03-04 05:01:51,89011703274044237933,KINC,ACTIVATED,58748928
2026-03-04 05:01:55,89011703274044237941,ILWA,ACTIVATED,39865344
2026-03-04 05:01:58,89011703274044237958,GAAV,ACTIVATED,58748928
2026-03-04 05:02:02,89011703274044802389,PACN,ACTIVATED,59589632
2026-03-04 05:02:06,89011703274044802413,PAFV,ACTIVATED,60847104
2026-03-04 05:02:10,89011703274044802421,INNW,ACTIVATED,0
2026-03-04 05:02:14,89011703274044802439,IDRY,ACTIVATED,893343744
2026-03-04 05:02:18,89011703274044802447,PAMG,ACTIVATED,65043456
2026-03-04 05:02:22,89011703274044802454,NJEH,ACTIVATED,0
2026-03-04 05:02:26,89011703274044803460,ILLV,ACTIVATED,59252736
2026-03-04 05:02:30,89011703274044803478,INKO,ACTIVATED,0
2026-03-04 05:02:33,89011703274044803486,INNP,ACTIVATED,58850304
2026-03-04 05:02:37,89011703274044803494,MECH,ACTIVATED,0
2026-03-04 05:02:40,89011703274044803502,INAV,ACTIVATED,55736320
2026-03-04 05:02:44,89011703274044803510,INMN,ACTIVATED,60847104
2026-03-04 05:02:47,89011703274044803536,INGD,ACTIVATED,0
2026-03-04 05:02:51,89011703274044803544,ININ,ACTIVATED,58748928
2026-03-04 05:02:54,89011703274044803569,INDM,ACTIVATED,60847104
2026-03-04 05:02:58,89011703274044803577,ILTP,ACTIVATED,58748928
2026-03-04 05:03:02,89011703274044803593,ILSN,ACTIVATED,71337984
2026-03-04 05:03:05,89011703274044803601,INCT,ACTIVATED,58748928
2026-03-04 05:03:09,89011703274044803619,ILRI,ACTIVATED,60847104
2026-03-04 05:03:13,89011703274044803627,ILVD,ACTIVATED,60847104
2026-03-04 05:03:17,89011703274044803635,MASP,ACTIVATED,60847104
2026-03-04 05:03:21,89011703274044803643,MDAN,ACTIVATED,60847104
2026-03-04 05:03:25,89011703274044803650,ILRC,ACTIVATED,60078080
2026-03-04 05:03:29,89011703274044803676,CTNH,ACTIVATED,58748928
2026-03-04 05:03:32,89011703274044803684,CTWT,ACTIVATED,55403520
2026-03-04 05:03:36,89011703274044803692,ILDK,ACTIVATED,0
2026-03-04 05:03:39,89011703274044803700,CTWF,ACTIVATED,60847104
2026-03-04 05:03:43,89011703274044803718,IDWR,ACTIVATED,58011648
2026-03-04 05:03:46,89011703274044803726,INWN,ACTIVATED,58748928
2026-03-04 05:03:50,89011703274044803742,IDBS,ACTIVATED,60839936
2026-03-04 05:03:53,89011703274044803759,IDSY,ACTIVATED,59110400
2026-03-04 05:03:57,89011703274044803767,ILDV,ACTIVATED,58748928
2026-03-04 05:04:00,89011703274044803775,ILDP,ACTIVATED,77632512
2026-03-04 05:04:04,89011703274044803783,CTOX,ACTIVATED,67140608
2026-03-04 05:04:08,89011703274044803791,CTHF,ACTIVATED,58748928
2026-03-04 05:04:12,89011703274044803809,ILCS,ACTIVATED,3313183744
2026-03-04 05:04:16,89011703274044803817,IDNP,ACTIVATED,61236224
2026-03-04 05:04:20,89011703274044803825,IDPR,ACTIVATED,0
2026-03-04 05:04:24,89011703274044803833,IDDK,ACTIVATED,8440868864
2026-03-04 05:04:28,89011703274044803841,IDAN,ACTIVATED,5934055424
2026-03-04 05:04:31,89011703274044803890,KSKC,ACTIVATED,58748928
2026-03-04 05:04:35,89011703274044803908,ILPN,ACTIVATED,0
2026-03-04 05:04:38,89011703274044803916,ILGB,ACTIVATED,53564416
2026-03-04 05:04:42,89011703274044803924,IDTN,ACTIVATED,0
2026-03-04 05:04:45,89011703274044803932,IDBR,ACTIVATED,0
2026-03-04 05:04:48,89011703274044803940,IDCW,ACTIVATED,0
2026-03-04 05:04:52,89011703274044803957,IDRT,ACTIVATED,60698624
2026-03-04 05:04:55,89011703274291052308,TAMW,ACTIVATED,0
2026-03-04 05:04:59,89011703274303619904,MUUR,ACTIVATED,72268800
2026-03-04 05:05:03,89011703274303620068,WYPD,ACTIVATED,56650752
2026-03-04 05:05:07,89011703274303620076,PACP,ACTIVATED,7385283584
2026-03-04 05:05:11,89011703274303620167,MABL,ACTIVATED,1283068928
2026-03-04 05:05:15,89011703274303620175,MAYP,ACTIVATED,75192320
2026-03-04 05:05:18,89011703274303620688,TNUM,ACTIVATED,75534336
2026-03-04 05:05:22,89011703274303620696,TPCB,ACTIVATED,3997384704
2026-03-04 05:05:26,89011703274303620738,PACK,ACTIVATED,0
2026-03-04 05:05:30,89011703274303620746,CAPE,ACTIVATED,9675285504
2026-03-04 05:05:33,89011703274303620753,FLWN,ACTIVATED,1177171968
2026-03-04 05:05:37,89011703274303620761,ORHN,ACTIVATED,0
2026-03-04 05:05:40,89011703274303620779,WASS,ACTIVATED,13872130048
2026-03-04 05:05:44,89011703274303620787,TSTT,ACTIVATED,0
2026-03-04 05:05:47,89011703274303620795,TMIV,ACTIVATED,7963570176
2026-03-04 05:05:51,89011703274303620803,TWNH,ACTIVATED,65043456
2026-03-04 05:05:55,89011703274303620811,TNOL,ACTIVATED,67113984
2026-03-04 05:05:58,89011703274303620829,TWSK,ACTIVATED,9389675520
2026-03-04 05:06:02,89011703274303620928,TXRN,ACTIVATED,57919488
2026-03-04 05:06:06,89011703274303620936,CARO,ACTIVATED,58284032
2026-03-04 05:06:10,89011703274303621009,FLBO,ACTIVATED,130048
2026-03-04 05:06:14,89011703274303621025,TGPH,ACTIVATED,58748928
2026-03-04 05:06:17,89011703274303621041,FLPM,ACTIVATED,0
2026-03-04 05:06:21,89011703274303621074,MASC,ACTIVATED,1904640
2026-03-04 05:06:25,89011703274303621082,TCLD,ACTIVATED,1971047424
2026-03-04 05:06:29,89011703274303621132,TDUN,ACTIVATED,2601956352
2026-03-04 05:06:33,89011703274303621140,CAPB,ACTIVATED,60847104
2026-03-04 05:06:36,89011703274303621199,IDSV,ACTIVATED,60823552
2026-03-04 05:06:40,89011703274303621223,PAHG,ACTIVATED,0
2026-03-04 05:06:43,89011703274303621231,FLVN,ACTIVATED,0
2026-03-04 05:06:47,89011703274303621272,BARR,ACTIVATED,59416576
2026-03-04 05:06:50,89011703274303621280,TWLT,ACTIVATED,4077109248
2026-03-04 05:06:54,89011703274303621314,TCTH,ACTIVATED,58748928
2026-03-04 05:06:57,89011703274303621322,FLTS,ACTIVATED,5202123776
2026-03-04 05:07:01,89011703274303621330,TXDS,ACTIVATED,0
2026-03-04 05:07:05,89011703274303621348,TXV1,ACTIVATED,0
2026-03-04 05:07:08,89011703274303621355,TXBD,ACTIVATED,30720
2026-03-04 05:07:12,89011703274303621363,TXAS,ACTIVATED,0
2026-03-04 05:07:16,89011703274303621371,TXSF,ACTIVATED,0
2026-03-04 05:07:20,89011703274306259302,PAUT,ACTIVATED,60847104
2026-03-04 05:07:24,89011703274306259310,PANW,ACTIVATED,62945280
2026-03-04 05:07:28,89011703274306259328,PAWD,ACTIVATED,0
2026-03-04 05:07:31,89011703274306259369,IDFH,ACTIVATED,62852096
2026-03-04 05:07:34,89011703274306259377,PAAN,ACTIVATED,0
2026-03-04 05:07:38,89011703274306259427,SCOTT_TEST,ACTIVATED,0
2026-03-04 05:07:41,89011703274306259435,ILOT,ACTIVATED,58099712
2026-03-04 05:07:45,89011703274306259443,PABV,ACTIVATED,60847104
2026-03-04 05:07:48,89011703274306259450,MAWO,ACTIVATED,60847104
2026-03-04 05:07:52,89011703274306259468,OSHA,ACTIVATED,3663411200
2026-03-04 05:07:55,89011703274306260284,NEP5,ACTIVATED,0
2026-03-04 05:07:59,89011703274306260292,EAS5,INVENTORY,0
2026-03-04 05:08:03,89011703274306260300,IAIN,ACTIVATED,77632512
2026-03-04 05:08:07,89011703274306260326,TCRL,ACTIVATED,0
2026-03-04 05:08:10,89011703274306260334,TESX,ACTIVATED,9547593728
2026-03-04 05:08:14,89011703274306260342,TMRL,ACTIVATED,66232320
2026-03-04 05:08:18,89011703274306260359,TCHT,ACTIVATED,0
2026-03-04 05:08:22,89011703274306260367,TLMG,ACTIVATED,0
2026-03-04 05:08:26,89011703274306260375,THAR,ACTIVATED,0
2026-03-04 05:08:30,89011703274306260391,TTRN,ACTIVATED,58748928
2026-03-04 05:08:33,89011703274306260409,ILMC,ACTIVATED,0
2026-03-04 05:08:37,89011703274306260417,ILRW,ACTIVATED,0
2026-03-04 05:08:40,89011703274306260433,TPRT,ACTIVATED,58748928
2026-03-04 05:08:44,89011703274306260441,CASO,ACTIVATED,0
2026-03-04 05:08:47,89011703274306260466,WIFA,ACTIVATED,58748928
2026-03-04 05:08:51,89011703274306260474,CAMC,ACTIVATED,14709225472
2026-03-04 05:08:54,89011703274306260482,NFGF,ACTIVATED,58773504
2026-03-04 05:08:58,89011703274306260490,TCRN,ACTIVATED,8094790656
2026-03-04 05:09:01,89011703274306260508,TSCB,ACTIVATED,0
2026-03-04 05:09:05,89011703274306260516,TUXB,ACTIVATED,0
2026-03-04 05:09:09,89011703274306260524,TBOW,ACTIVATED,31073280
2026-03-04 05:09:13,89011703274306260532,TRIT,INVENTORY,0
2026-03-04 05:09:17,89011703274306260540,GAFP,ACTIVATED,7778433024
2026-03-04 05:09:21,89011703274306260557,GAWA,ACTIVATED,65560576
2026-03-04 05:09:24,89011703274306260565,TTEC,ACTIVATED,0
2026-03-04 05:09:28,89011703274306260573,MSSL,ACTIVATED,56650752
2026-03-04 05:09:32,89011703274306260581,INIS,ACTIVATED,67628032
2026-03-04 05:09:35,89011703274306260599,INFT,ACTIVATED,69239808
2026-03-04 05:09:39,89011703274306260607,NFTY,ACTIVATED,61429760
2026-03-04 05:09:42,89011703274306260615,KYSL,ACTIVATED,58748928
2026-03-04 05:09:46,89011703274306260623,WAML,ACTIVATED,58748928
2026-03-04 05:09:49,89011703274306260631,MISW,ACTIVATED,60847104
2026-03-04 05:09:53,89011703274306260649,MITV,ACTIVATED,60847104
2026-03-04 05:09:56,89011703274306260664,MIGR,ACTIVATED,58748928
2026-03-04 05:10:00,89011703274306260672,KYLV,ACTIVATED,59022336
2026-03-04 05:10:04,89011703274306260680,MIWN,ACTIVATED,1806336
2026-03-04 05:10:08,89011703274306260698,FLML,ACTIVATED,0
2026-03-04 05:10:12,89011703274306260706,FLPD,ACTIVATED,0
2026-03-04 05:10:16,89011703274306260714,FLPV,ACTIVATED,0
2026-03-04 05:10:20,89011703274306260730,AZHV,ACTIVATED,58015744
2026-03-04 05:10:24,89011703274306260755,ORPL,ACTIVATED,8603648
2026-03-04 05:10:27,89011703274306260763,TXKN,ACTIVATED,68608
2026-03-04 05:10:31,89011703274306260771,MOWN,ACTIVATED,60948480
2026-03-04 05:10:34,89011703278777933097,CATY,ACTIVATED,8605790208
2026-03-04 05:10:38,89011703278778020142,ORWV,ACTIVATED,0
2026-03-04 05:10:42,89011703278778198195,CAAL,ACTIVATED,5121924096
2026-03-04 05:10:45,89011703274291052357,IVAL,ACTIVATED,2434107392
2026-03-04 05:10:49,89011702274315571912,ILLK,ACTIVATED,8598235136
2026-03-04 05:10:52,89011702274410155280,Macon Rover,ACTIVATED,38174720
2026-03-04 05:10:56,89011702274410155330,GAMA,ACTIVATED,7490987008
2026-03-04 05:10:59,89011702274410155348,GAMH,ACTIVATED,4452924416
2026-03-04 05:11:03,89011703274303620837,VALN,ACTIVATED,228700160
2026-03-04 05:11:07,89011703274303620878,VAAX,ACTIVATED,58748928
2026-03-04 05:11:11,89011702274410155355,GATC,ACTIVATED,55826432
2026-03-04 05:11:15,89011702274410155363,GAMS,ACTIVATED,56650752
2026-03-04 05:11:19,89011702274410155371,GADN,ACTIVATED,57799680
2026-03-04 05:11:23,89011702274410155389,GADV,ACTIVATED,79731712
2026-03-04 05:11:26,89011702274410156551,ILEF,ACTIVATED,5090657280
2026-03-04 05:11:30,89011702274410156577,IDJM,ACTIVATED,59806720
2026-03-04 05:11:34,89011702274410156890,GAWB,ACTIVATED,8261060608
2026-03-04 05:11:37,89011702274410156908,GAST,ACTIVATED,9020154880
2026-03-04 05:11:41,89011702274410157005,GAMO,ACTIVATED,0
2026-03-04 05:11:44,89011702274410157013,WATC,ACTIVATED,424189952
2026-03-04 05:11:48,89011702274410157021,WAKN,ACTIVATED,8353555456
2026-03-04 05:11:51,89011702274410157039,WAMV,ACTIVATED,0
2026-03-04 05:11:55,89011702274410157047,WAWW,ACTIVATED,0
2026-03-04 05:11:58,89011702274410157054,WARL,ACTIVATED,0
2026-03-04 05:12:02,89011702274410157062,WAPC,ACTIVATED,3676010496
2026-03-04 05:12:06,89011702274410157070,WABU,ACTIVATED,0
2026-03-04 05:12:10,89011702274410157088,WABC,ACTIVATED,0
2026-03-04 05:12:13,89011702274410157096,CAVC,ACTIVATED,8210897920
2026-03-04 05:12:17,89011702274410157104,CASM,ACTIVATED,27648
2026-03-04 05:12:21,89011702274410157112,CARD,ACTIVATED,0
2026-03-04 05:12:25,89011702274410157120,CAMT,ACTIVATED,0
2026-03-04 05:12:29,89011702274410157138,CAAB,ACTIVATED,0
2026-03-04 05:12:32,89011702274410157146,ORKF,ACTIVATED,60847104
2026-03-04 05:12:36,89011702274410157153,ORBD,ACTIVATED,56650752
2026-03-04 05:12:39,89011702274410157161,ORMS,ACTIVATED,31472640
2026-03-04 05:12:43,89011702274410157179,WAYK,ACTIVATED,56650752
2026-03-04 05:12:46,89011702274410157187,WAWN,ACTIVATED,33917952
2026-03-04 05:12:50,89011702274410157195,MAX1,ACTIVATED,0
2026-03-04 05:12:53,89011702274410157203,NVRN,ACTIVATED,0
2026-03-04 05:12:57,89011702274410157211,STHE,ACTIVATED,0
2026-03-04 05:13:00,89011702274410157229,OREU,ACTIVATED,3722493952
2026-03-04 05:13:04,89011702274410157237,WASP,ACTIVATED,8538782720
2026-03-04 05:13:08,89011702274410157245,IDPY,ACTIVATED,0
2026-03-04 05:13:12,89011702274410157252,ORUG,ACTIVATED,58748928
2026-03-04 05:13:16,89011702274410157260,ORHG,ACTIVATED,92321792
2026-03-04 05:13:20,89011702274410157484,GATY,ACTIVATED,56650752
2026-03-04 05:13:23,89011703274044237362,ILDC,ACTIVATED,58748928
2026-03-04 05:13:27,89011703274044237396,IDGV,ACTIVATED,5840022528
2026-03-04 05:13:31,89011703274044237404,IDMH,ACTIVATED,3031687168
2026-03-04 05:13:34,89011703274044237420,PATS,ACTIVATED,60847104
2026-03-04 05:13:38,89011703274044237438,NHCD,ACTIVATED,8655754240
2026-03-04 05:13:41,89011703274044237446,ILCY,ACTIVATED,7168
2026-03-04 05:13:45,89011703274044237453,CARM,ACTIVATED,60065792
2026-03-04 05:13:48,89011703274044237511,TWFD,ACTIVATED,3481591808
2026-03-04 05:13:52,89011703274044237529,LABC,ACTIVATED,58748928
2026-03-04 05:13:55,89011703274044237537,TSHK,ACTIVATED,58748928
2026-03-04 05:13:59,89011703274044237685,ILBG,ACTIVATED,58420224
2026-03-04 11:00:38,89011703274044237701,ILKX,ACTIVATED,0
2026-03-04 11:00:42,89011703274044237719,TACN,ACTIVATED,5336123392
2026-03-04 11:00:47,89011703274044237735,TBRM,ACTIVATED,60847104
2026-03-05 05:00:18,89011703274044237800,GAJS,ACTIVATED,62945280
2026-03-05 05:00:23,89011703274044237818,QCB0,ACTIVATED,62896128
2026-03-05 05:00:27,89011703274044237826,INBG,ACTIVATED,4572332032
2026-03-05 05:00:31,89011703274044237834,LAMN,ACTIVATED,4404307968
2026-03-05 05:00:35,89011703274044237859,TBRA,ACTIVATED,62945280
2026-03-05 05:00:39,89011703274044237875,MXCA,ACTIVATED,62701568
2026-03-05 05:00:43,89011703274044237909,MXSC,ACTIVATED,4763100160
2026-03-05 05:00:47,89011703274044237917,TAMR,ACTIVATED,65043456
2026-03-05 05:00:51,89011703274044237925,WADH,ACTIVATED,36404224
2026-03-05 05:00:55,89011703274044237933,KINC,ACTIVATED,62945280
2026-03-05 05:00:59,89011703274044237941,ILWA,ACTIVATED,41963520
2026-03-05 05:01:03,89011703274044237958,GAAV,ACTIVATED,62945280
2026-03-05 05:01:08,89011703274044802389,PACN,ACTIVATED,64741376
2026-03-05 05:01:12,89011703274044802413,PAFV,ACTIVATED,65043456
2026-03-05 05:01:17,89011703274044802421,INNW,ACTIVATED,0
2026-03-05 05:01:21,89011703274044802439,IDRY,ACTIVATED,897540096
2026-03-05 05:01:26,89011703274044802447,PAMG,ACTIVATED,71337984
2026-03-05 05:01:30,89011703274044802454,NJEH,ACTIVATED,0
2026-03-05 05:01:34,89011703274044803460,ILLV,ACTIVATED,63454208
2026-03-05 05:01:38,89011703274044803478,INKO,ACTIVATED,0
2026-03-05 05:01:42,89011703274044803486,INNP,ACTIVATED,63046656
2026-03-05 05:01:46,89011703274044803494,MECH,ACTIVATED,0
2026-03-05 05:01:50,89011703274044803502,INAV,ACTIVATED,59932672
2026-03-05 05:01:54,89011703274044803510,INMN,ACTIVATED,65043456
2026-03-05 05:01:58,89011703274044803536,INGD,ACTIVATED,0
2026-03-05 05:02:02,89011703274044803544,ININ,ACTIVATED,65043456
2026-03-05 05:02:06,89011703274044803569,INDM,ACTIVATED,65043456
2026-03-05 05:02:11,89011703274044803577,ILTP,ACTIVATED,62945280
2026-03-05 05:02:15,89011703274044803593,ILSN,ACTIVATED,75534336
2026-03-05 05:02:19,89011703274044803601,INCT,ACTIVATED,62945280
2026-03-05 05:02:23,89011703274044803619,ILRI,ACTIVATED,65043456
2026-03-05 05:02:27,89011703274044803627,ILVD,ACTIVATED,65043456
2026-03-05 05:02:31,89011703274044803635,MASP,ACTIVATED,65043456
2026-03-05 05:02:34,89011703274044803643,MDAN,ACTIVATED,64239616
2026-03-05 05:02:38,89011703274044803650,ILRC,ACTIVATED,64274432
2026-03-05 05:02:41,89011703274044803676,CTNH,ACTIVATED,62945280
2026-03-05 05:02:45,89011703274044803684,CTWT,ACTIVATED,59599872
2026-03-05 05:02:48,89011703274044803692,ILDK,ACTIVATED,0
2026-03-05 05:02:52,89011703274044803700,CTWF,ACTIVATED,65043456
2026-03-05 05:02:55,89011703274044803718,IDWR,ACTIVATED,62208000
2026-03-05 05:02:59,89011703274044803726,INWN,ACTIVATED,62945280
2026-03-05 05:03:03,89011703274044803742,IDBS,ACTIVATED,65036288
2026-03-05 05:03:07,89011703274044803759,IDSY,ACTIVATED,63306752
2026-03-05 05:03:10,89011703274044803767,ILDV,ACTIVATED,65043456
2026-03-05 05:03:14,89011703274044803775,ILDP,ACTIVATED,83928064
2026-03-05 05:03:18,89011703274044803783,CTOX,ACTIVATED,73435136
2026-03-05 05:03:22,89011703274044803791,CTHF,ACTIVATED,143676416
2026-03-05 05:03:26,89011703274044803809,ILCS,ACTIVATED,3558683648
2026-03-05 05:03:30,89011703274044803817,IDNP,ACTIVATED,67530752
2026-03-05 05:03:33,89011703274044803825,IDPR,ACTIVATED,0
2026-03-05 05:03:37,89011703274044803833,IDDK,ACTIVATED,9038903296
2026-03-05 05:03:40,89011703274044803841,IDAN,ACTIVATED,6704139264
2026-03-05 05:03:44,89011703274044803890,KSKC,ACTIVATED,62945280
2026-03-05 05:03:47,89011703274044803908,ILPN,ACTIVATED,0
2026-03-05 05:03:51,89011703274044803916,ILGB,ACTIVATED,57760768
2026-03-05 05:03:54,89011703274044803924,IDTN,ACTIVATED,0
2026-03-05 05:03:58,89011703274044803932,IDBR,ACTIVATED,0
2026-03-05 05:04:01,89011703274044803940,IDCW,ACTIVATED,0
2026-03-05 05:04:05,89011703274044803957,IDRT,ACTIVATED,64894976
2026-03-05 05:04:09,89011703274291052308,TAMW,ACTIVATED,0
2026-03-05 05:04:13,89011703274303619904,MUUR,ACTIVATED,80661504
2026-03-05 05:04:17,89011703274303620068,WYPD,ACTIVATED,60847104
2026-03-05 05:04:21,89011703274303620076,PACP,ACTIVATED,7905667072
2026-03-05 05:04:25,89011703274303620167,MABL,ACTIVATED,1425755136
2026-03-05 05:04:29,89011703274303620175,MAYP,ACTIVATED,81486848
2026-03-05 05:04:32,89011703274303620688,TNUM,ACTIVATED,79730688
2026-03-05 05:04:36,89011703274303620696,TPCB,ACTIVATED,4284868608
2026-03-05 05:04:39,89011703274303620738,PACK,ACTIVATED,0
2026-03-05 05:04:43,89011703274303620746,CAPE,ACTIVATED,10390801408
2026-03-05 05:04:46,89011703274303620753,FLWN,ACTIVATED,1407986688
2026-03-05 05:04:50,89011703274303620761,ORHN,ACTIVATED,0
2026-03-05 05:04:53,89011703274303620779,WASS,ACTIVATED,14833178624
2026-03-05 05:04:57,89011703274303620787,TSTT,ACTIVATED,0
2026-03-05 05:05:00,89011703274303620795,TMIV,ACTIVATED,8588882944
2026-03-05 05:05:04,89011703274303620803,TWNH,ACTIVATED,69239808
2026-03-05 05:05:08,89011703274303620811,TNOL,ACTIVATED,71310336
2026-03-05 05:05:12,89011703274303620829,TWSK,ACTIVATED,9393871872
2026-03-05 05:05:16,89011703274303620928,TXRN,ACTIVATED,64214016
2026-03-05 05:05:20,89011703274303620936,CARO,ACTIVATED,62480384
2026-03-05 05:05:24,89011703274303621009,FLBO,ACTIVATED,130048
2026-03-05 05:05:27,89011703274303621025,TGPH,ACTIVATED,63757312
2026-03-05 05:05:31,89011703274303621041,FLPM,ACTIVATED,0
2026-03-05 05:05:35,89011703274303621074,MASC,ACTIVATED,1904640
2026-03-05 05:05:38,89011703274303621082,TCLD,ACTIVATED,2191369216
2026-03-05 05:05:42,89011703274303621132,TDUN,ACTIVATED,2606152704
2026-03-05 05:05:45,89011703274303621140,CAPB,ACTIVATED,65043456
2026-03-05 05:05:49,89011703274303621199,IDSV,ACTIVATED,65019904
2026-03-05 05:05:53,89011703274303621223,PAHG,ACTIVATED,0
2026-03-05 05:05:56,89011703274303621231,FLVN,ACTIVATED,0
2026-03-05 05:06:00,89011703274303621272,BARR,ACTIVATED,63612928
2026-03-05 05:06:04,89011703274303621280,TWLT,ACTIVATED,4368791552
2026-03-05 05:06:08,89011703274303621314,TCTH,ACTIVATED,62945280
2026-03-05 05:06:11,89011703274303621322,FLTS,ACTIVATED,5206320128
2026-03-05 05:06:15,89011703274303621330,TXDS,ACTIVATED,0
2026-03-05 05:06:19,89011703274303621348,TXV1,ACTIVATED,0
2026-03-05 05:06:23,89011703274303621355,TXBD,ACTIVATED,30720
2026-03-05 05:06:27,89011703274303621363,TXAS,ACTIVATED,0
2026-03-05 05:06:31,89011703274303621371,TXSF,ACTIVATED,0
2026-03-05 05:06:34,89011703274306259302,PAUT,ACTIVATED,65043456
2026-03-05 05:06:38,89011703274306259310,PANW,ACTIVATED,69239808
2026-03-05 05:06:41,89011703274306259328,PAWD,ACTIVATED,0
2026-03-05 05:06:45,89011703274306259369,IDFH,ACTIVATED,67049472
2026-03-05 05:06:48,89011703274306259377,PAAN,ACTIVATED,0
2026-03-05 05:06:52,89011703274306259427,SCOTT_TEST,ACTIVATED,0
2026-03-05 05:06:55,89011703274306259435,ILOT,ACTIVATED,64394240
2026-03-05 05:06:59,89011703274306259443,PABV,ACTIVATED,65043456
2026-03-05 05:07:02,89011703274306259450,MAWO,ACTIVATED,65043456
2026-03-05 05:07:06,89011703274306259468,OSHA,ACTIVATED,3667607552
2026-03-05 05:07:10,89011703274306260284,NEP5,ACTIVATED,0
2026-03-05 05:07:14,89011703274306260292,EAS5,INVENTORY,0
2026-03-05 05:07:18,89011703274306260300,IAIN,ACTIVATED,83927040
2026-03-05 05:07:22,89011703274306260326,TCRL,ACTIVATED,0
2026-03-05 05:07:26,89011703274306260334,TESX,ACTIVATED,10154023936
2026-03-05 05:07:30,89011703274306260342,TMRL,ACTIVATED,70428672
2026-03-05 05:07:33,89011703274306260359,TCHT,ACTIVATED,0
2026-03-05 05:07:37,89011703274306260367,TLMG,ACTIVATED,0
2026-03-05 05:07:40,89011703274306260375,THAR,ACTIVATED,0
2026-03-05 05:07:44,89011703274306260391,TTRN,ACTIVATED,62945280
2026-03-05 05:07:47,89011703274306260409,ILMC,ACTIVATED,0
2026-03-05 05:07:51,89011703274306260417,ILRW,ACTIVATED,0
2026-03-05 05:07:54,89011703274306260433,TPRT,ACTIVATED,62945280
2026-03-05 05:07:58,89011703274306260441,CASO,ACTIVATED,0
2026-03-05 05:08:01,89011703274306260466,WIFA,ACTIVATED,62945280
2026-03-05 05:08:05,89011703274306260474,CAMC,ACTIVATED,15787793408
2026-03-05 05:08:09,89011703274306260482,NFGF,ACTIVATED,62969856
2026-03-05 05:08:13,89011703274306260490,TCRN,ACTIVATED,8673936384
2026-03-05 05:08:17,89011703274306260508,TSCB,ACTIVATED,8393728
2026-03-05 05:08:20,89011703274306260516,TUXB,ACTIVATED,0
2026-03-05 05:08:24,89011703274306260524,TBOW,ACTIVATED,33171456
2026-03-05 05:08:28,89011703274306260532,TRIT,INVENTORY,0
2026-03-05 05:08:32,89011703274306260540,GAFP,ACTIVATED,8296711168
2026-03-05 05:08:35,89011703274306260557,GAWA,ACTIVATED,69756928
2026-03-05 05:08:39,89011703274306260565,TTEC,ACTIVATED,0
2026-03-05 05:08:42,89011703274306260573,MSSL,ACTIVATED,60847104
2026-03-05 05:08:46,89011703274306260581,INIS,ACTIVATED,77009920
2026-03-05 05:08:49,89011703274306260599,INFT,ACTIVATED,73436160
2026-03-05 05:08:53,89011703274306260607,NFTY,ACTIVATED,69822464
2026-03-05 05:08:56,89011703274306260615,KYSL,ACTIVATED,62945280
2026-03-05 05:09:00,89011703274306260623,WAML,ACTIVATED,67142656
2026-03-05 05:09:04,89011703274306260631,MISW,ACTIVATED,66188288
2026-03-05 05:09:07,89011703274306260649,MITV,ACTIVATED,65043456
2026-03-05 05:09:11,89011703274306260664,MIGR,ACTIVATED,65043456
2026-03-05 05:09:15,89011703274306260672,KYLV,ACTIVATED,63218688
2026-03-05 05:09:19,89011703274306260680,MIWN,ACTIVATED,1806336
2026-03-05 05:09:23,89011703274306260698,FLML,ACTIVATED,0
2026-03-05 05:09:27,89011703274306260706,FLPD,ACTIVATED,0
2026-03-05 05:09:30,89011703274306260714,FLPV,ACTIVATED,0
2026-03-05 05:09:34,89011703274306260730,AZHV,ACTIVATED,62636032
2026-03-05 05:09:38,89011703274306260755,ORPL,ACTIVATED,8603648
2026-03-05 05:09:41,89011703274306260763,TXKN,ACTIVATED,68608
2026-03-05 05:09:45,89011703274306260771,MOWN,ACTIVATED,67243008
2026-03-05 05:09:48,89011703278777933097,CATY,ACTIVATED,9218506752
2026-03-05 05:09:52,89011703278778020142,ORWV,ACTIVATED,0
2026-03-05 05:09:55,89011703278778198195,CAAL,ACTIVATED,5126120448
2026-03-05 05:09:59,89011703274291052357,IVAL,ACTIVATED,2608266240
2026-03-05 05:10:02,89011702274315571912,ILLK,ACTIVATED,9204666368
2026-03-05 05:10:06,89011702274410155280,Macon Rover,ACTIVATED,40272896
2026-03-05 05:10:10,89011702274410155330,GAMA,ACTIVATED,8204406784
2026-03-05 05:10:14,89011702274410155348,GAMH,ACTIVATED,5260817408
2026-03-05 05:10:18,89011703274303620837,VALN,ACTIVATED,232896512
2026-03-05 05:10:22,89011703274303620878,VAAX,ACTIVATED,331531264
2026-03-05 05:10:26,89011702274410155355,GATC,ACTIVATED,62120960
2026-03-05 05:10:29,89011702274410155363,GAMS,ACTIVATED,60847104
2026-03-05 05:10:33,89011702274410155371,GADN,ACTIVATED,61145088
2026-03-05 05:10:36,89011702274410155389,GADV,ACTIVATED,83928064
2026-03-05 05:10:40,89011702274410156551,ILEF,ACTIVATED,5879648256
2026-03-05 05:10:43,89011702274410156577,IDJM,ACTIVATED,64003072
2026-03-05 05:10:47,89011702274410156890,GAWB,ACTIVATED,8945112064
2026-03-05 05:10:51,89011702274410156908,GAST,ACTIVATED,9842733056
2026-03-05 05:10:54,89011702274410157005,GAMO,ACTIVATED,0
2026-03-05 05:10:58,89011702274410157013,WATC,ACTIVATED,931982336
2026-03-05 05:11:01,89011702274410157021,WAKN,ACTIVATED,9001937920
2026-03-05 05:11:05,89011702274410157039,WAMV,ACTIVATED,0
2026-03-05 05:11:09,89011702274410157047,WAWW,ACTIVATED,0
2026-03-05 05:11:13,89011702274410157054,WARL,ACTIVATED,0
2026-03-05 05:11:17,89011702274410157062,WAPC,ACTIVATED,3676010496
2026-03-05 05:11:21,89011702274410157070,WABU,ACTIVATED,0
2026-03-05 05:11:25,89011702274410157088,WABC,ACTIVATED,0
2026-03-05 05:11:29,89011702274410157096,CAVC,ACTIVATED,8792138752
2026-03-05 05:11:32,89011702274410157104,CASM,ACTIVATED,28672
2026-03-05 05:11:36,89011702274410157112,CARD,ACTIVATED,0
2026-03-05 05:11:39,89011702274410157120,CAMT,ACTIVATED,0
2026-03-05 05:11:43,89011702274410157138,CAAB,ACTIVATED,0
2026-03-05 05:11:46,89011702274410157146,ORKF,ACTIVATED,67141632
2026-03-05 05:11:50,89011702274410157153,ORBD,ACTIVATED,62945280
2026-03-05 05:11:53,89011702274410157161,ORMS,ACTIVATED,50356224
2026-03-05 05:11:57,89011702274410157179,WAYK,ACTIVATED,62945280
2026-03-05 05:12:00,89011702274410157187,WAWN,ACTIVATED,36360192
2026-03-05 05:12:04,89011702274410157195,MAX1,ACTIVATED,0
2026-03-05 05:12:08,89011702274410157203,NVRN,ACTIVATED,0
2026-03-05 05:12:12,89011702274410157211,STHE,ACTIVATED,0
2026-03-05 05:12:16,89011702274410157229,OREU,ACTIVATED,4286946304
2026-03-05 05:12:20,89011702274410157237,WASP,ACTIVATED,9216552960
2026-03-05 05:12:24,89011702274410157245,IDPY,ACTIVATED,0
2026-03-05 05:12:28,89011702274410157252,ORUG,ACTIVATED,62945280
2026-03-05 05:12:31,89011702274410157260,ORHG,ACTIVATED,96518144
2026-03-05 05:12:35,89011702274410157484,GATY,ACTIVATED,65043456
2026-03-05 05:12:38,89011703274044237362,ILDC,ACTIVATED,62945280
2026-03-05 05:12:42,89011703274044237396,IDGV,ACTIVATED,6364601344
2026-03-05 05:12:46,89011703274044237404,IDMH,ACTIVATED,3300267008
2026-03-05 05:12:49,89011703274044237420,PATS,ACTIVATED,65043456
2026-03-05 05:12:53,89011703274044237438,NHCD,ACTIVATED,9247496192
2026-03-05 05:12:56,89011703274044237446,ILCY,ACTIVATED,8192
2026-03-05 05:13:00,89011703274044237453,CARM,ACTIVATED,64262144
2026-03-05 05:13:03,89011703274044237511,TWFD,ACTIVATED,4029266944
2026-03-05 05:13:07,89011703274044237529,LABC,ACTIVATED,62945280
2026-03-05 05:13:11,89011703274044237537,TSHK,ACTIVATED,62945280
2026-03-05 05:13:15,89011703274044237685,ILBG,ACTIVATED,64714752
2026-03-05 05:13:19,89011703274044237701,ILKX,ACTIVATED,0
2026-03-05 05:13:23,89011703274044237719,TACN,ACTIVATED,5768377344
2026-03-05 05:13:27,89011703274044237735,TBRM,ACTIVATED,62945280
2026-03-05 11:04:59,89011703274044237743,TPKG,ACTIVATED,64555008
2026-03-06 05:00:18,89011703274044237834,LAMN,ACTIVATED,4916301824
2026-03-06 05:00:22,89011703274044237859,TBRA,ACTIVATED,66670592
2026-03-06 05:00:26,89011703274044237875,MXCA,ACTIVATED,66897920
2026-03-06 05:00:30,89011703274044237909,MXSC,ACTIVATED,5281380352
2026-03-06 05:00:34,89011703274044237917,TAMR,ACTIVATED,69239808
2026-03-06 05:00:37,89011703274044237925,WADH,ACTIVATED,40600576
2026-03-06 05:00:41,89011703274044237933,KINC,ACTIVATED,67141632
2026-03-06 05:00:45,89011703274044237941,ILWA,ACTIVATED,44061696
2026-03-06 05:00:48,89011703274044237958,GAAV,ACTIVATED,69239808
2026-03-06 05:00:52,89011703274044802389,PACN,ACTIVATED,68937728
2026-03-06 05:00:55,89011703274044802413,PAFV,ACTIVATED,69239808
2026-03-06 05:00:59,89011703274044802421,INNW,ACTIVATED,0
2026-03-06 05:01:03,89011703274044802439,IDRY,ACTIVATED,901736448
2026-03-06 05:01:07,89011703274044802447,PAMG,ACTIVATED,77632512
2026-03-06 05:01:11,89011703274044802454,NJEH,ACTIVATED,0
2026-03-06 05:01:15,89011703274044803460,ILLV,ACTIVATED,67650560
2026-03-06 05:01:19,89011703274044803478,INKO,ACTIVATED,0
2026-03-06 05:01:23,89011703274044803486,INNP,ACTIVATED,69341184
2026-03-06 05:01:27,89011703274044803494,MECH,ACTIVATED,0
2026-03-06 05:01:31,89011703274044803502,INAV,ACTIVATED,64129024
2026-03-06 05:01:34,89011703274044803510,INMN,ACTIVATED,69239808
2026-03-06 05:01:38,89011703274044803536,INGD,ACTIVATED,0
2026-03-06 05:01:41,89011703274044803544,ININ,ACTIVATED,69239808
2026-03-06 05:01:45,89011703274044803569,INDM,ACTIVATED,69239808
2026-03-06 05:01:48,89011703274044803577,ILTP,ACTIVATED,69239808
2026-03-06 05:01:52,89011703274044803593,ILSN,ACTIVATED,81828864
2026-03-06 05:01:55,89011703274044803601,INCT,ACTIVATED,67141632
2026-03-06 05:01:59,89011703274044803619,ILRI,ACTIVATED,69239808
2026-03-06 05:02:02,89011703274044803627,ILVD,ACTIVATED,69239808
2026-03-06 05:02:06,89011703274044803635,MASP,ACTIVATED,69239808
2026-03-06 05:02:10,89011703274044803643,MDAN,ACTIVATED,68435968
2026-03-06 05:02:14,89011703274044803650,ILRC,ACTIVATED,68470784
2026-03-06 05:02:18,89011703274044803676,CTNH,ACTIVATED,69239808
2026-03-06 05:02:22,89011703274044803684,CTWT,ACTIVATED,63796224
2026-03-06 05:02:26,89011703274044803692,ILDK,ACTIVATED,0
2026-03-06 05:02:29,89011703274044803700,CTWF,ACTIVATED,69239808
2026-03-06 05:02:33,89011703274044803718,IDWR,ACTIVATED,67441664
2026-03-06 05:02:36,89011703274044803726,INWN,ACTIVATED,69239808
2026-03-06 05:02:40,89011703274044803742,IDBS,ACTIVATED,69232640
2026-03-06 05:02:43,89011703274044803759,IDSY,ACTIVATED,67503104
2026-03-06 05:02:47,89011703274044803767,ILDV,ACTIVATED,69239808
2026-03-06 05:02:50,89011703274044803775,ILDP,ACTIVATED,90222592
2026-03-06 05:02:54,89011703274044803783,CTOX,ACTIVATED,77631488
2026-03-06 05:02:58,89011703274044803791,CTHF,ACTIVATED,328332288
2026-03-06 05:03:01,89011703274044803809,ILCS,ACTIVATED,3806286848
2026-03-06 05:03:05,89011703274044803817,IDNP,ACTIVATED,71727104
2026-03-06 05:03:09,89011703274044803825,IDPR,ACTIVATED,0
2026-03-06 05:03:13,89011703274044803833,IDDK,ACTIVATED,9634838528
2026-03-06 05:03:17,89011703274044803841,IDAN,ACTIVATED,7480542208
2026-03-06 05:03:20,89011703274044803890,KSKC,ACTIVATED,67141632
2026-03-06 05:03:24,89011703274044803908,ILPN,ACTIVATED,0
2026-03-06 05:03:28,89011703274044803916,ILGB,ACTIVATED,61957120
2026-03-06 05:03:32,89011703274044803924,IDTN,ACTIVATED,0
2026-03-06 05:03:35,89011703274044803932,IDBR,ACTIVATED,0
2026-03-06 05:03:39,89011703274044803940,IDCW,ACTIVATED,0
2026-03-06 05:03:42,89011703274044803957,IDRT,ACTIVATED,70960128
2026-03-06 05:03:46,89011703274291052308,TAMW,ACTIVATED,0
2026-03-06 05:03:49,89011703274303619904,MUUR,ACTIVATED,84857856
2026-03-06 05:03:53,89011703274303620068,WYPD,ACTIVATED,64715776
2026-03-06 05:03:56,89011703274303620076,PACP,ACTIVATED,8434435072
2026-03-06 05:04:00,89011703274303620167,MABL,ACTIVATED,1568438272
2026-03-06 05:04:03,89011703274303620175,MAYP,ACTIVATED,87781376
2026-03-06 05:04:07,89011703274303620688,TNUM,ACTIVATED,86025216
2026-03-06 05:04:11,89011703274303620696,TPCB,ACTIVATED,4572340224
2026-03-06 05:04:15,89011703274303620738,PACK,ACTIVATED,0
2026-03-06 05:04:21,89011703274303620746,CAPE,ACTIVATED,11097933824
2026-03-06 05:04:25,89011703274303620753,FLWN,ACTIVATED,1645093888
2026-03-06 05:04:29,89011703274303620761,ORHN,ACTIVATED,0
2026-03-06 05:04:32,89011703274303620779,WASS,ACTIVATED,15892834304
2026-03-06 05:04:36,89011703274303620787,TSTT,ACTIVATED,0
2026-03-06 05:04:39,89011703274303620795,TMIV,ACTIVATED,9218379776
2026-03-06 05:04:43,89011703274303620803,TWNH,ACTIVATED,75534336
2026-03-06 05:04:46,89011703274303620811,TNOL,ACTIVATED,75506688
2026-03-06 05:04:50,89011703274303620829,TWSK,ACTIVATED,9398068224
2026-03-06 05:04:53,89011703274303620928,TXRN,ACTIVATED,68410368
2026-03-06 05:04:57,89011703274303620936,CARO,ACTIVATED,68774912
2026-03-06 05:05:00,89011703274303621009,FLBO,ACTIVATED,130048
2026-03-06 05:05:04,89011703274303621025,TGPH,ACTIVATED,67953664
2026-03-06 05:05:08,89011703274303621041,FLPM,ACTIVATED,0
2026-03-06 05:05:12,89011703274303621074,MASC,ACTIVATED,1904640
2026-03-06 05:05:16,89011703274303621082,TCLD,ACTIVATED,2197847040
2026-03-06 05:05:20,89011703274303621132,TDUN,ACTIVATED,2610349056
2026-03-06 05:05:24,89011703274303621140,CAPB,ACTIVATED,69239808
2026-03-06 05:05:28,89011703274303621199,IDSV,ACTIVATED,69216256
2026-03-06 05:05:31,89011703274303621223,PAHG,ACTIVATED,0
2026-03-06 05:05:35,89011703274303621231,FLVN,ACTIVATED,0
2026-03-06 05:05:38,89011703274303621272,BARR,ACTIVATED,67809280
2026-03-06 05:05:42,89011703274303621280,TWLT,ACTIVATED,4662556672
2026-03-06 05:05:45,89011703274303621314,TCTH,ACTIVATED,67141632
2026-03-06 05:05:49,89011703274303621322,FLTS,ACTIVATED,5210516480
2026-03-06 05:05:52,89011703274303621330,TXDS,ACTIVATED,0
2026-03-06 05:05:56,89011703274303621348,TXV1,ACTIVATED,0
2026-03-06 05:06:00,89011703274303621355,TXBD,ACTIVATED,30720
2026-03-06 05:06:04,89011703274303621363,TXAS,ACTIVATED,0
2026-03-06 05:06:08,89011703274303621371,TXSF,ACTIVATED,0
2026-03-06 05:06:12,89011703274306259302,PAUT,ACTIVATED,71337984
2026-03-06 05:06:15,89011703274306259310,PANW,ACTIVATED,73436160
2026-03-06 05:06:19,89011703274306259328,PAWD,ACTIVATED,0
2026-03-06 05:06:23,89011703274306259369,IDFH,ACTIVATED,71245824
2026-03-06 05:06:27,89011703274306259377,PAAN,ACTIVATED,0
2026-03-06 05:06:31,89011703274306259427,SCOTT_TEST,ACTIVATED,0
2026-03-06 05:06:34,89011703274306259435,ILOT,ACTIVATED,68590592
2026-03-06 05:06:38,89011703274306259443,PABV,ACTIVATED,69239808
2026-03-06 05:06:44,89011703274306259450,MAWO,ACTIVATED,69239808
2026-03-06 05:06:47,89011703274306259468,OSHA,ACTIVATED,3671803904
2026-03-06 05:06:51,89011703274306260284,NEP5,ACTIVATED,0
2026-03-06 05:06:54,89011703274306260292,EAS5,INVENTORY,0
2026-03-06 05:06:58,89011703274306260300,IAIN,ACTIVATED,90221568
2026-03-06 05:07:01,89011703274306260326,TCRL,ACTIVATED,0
2026-03-06 05:07:05,89011703274306260334,TESX,ACTIVATED,10863285248
2026-03-06 05:07:09,89011703274306260342,TMRL,ACTIVATED,74625024
2026-03-06 05:07:13,89011703274306260359,TCHT,ACTIVATED,0
2026-03-06 05:07:17,89011703274306260367,TLMG,ACTIVATED,0
2026-03-06 05:07:21,89011703274306260375,THAR,ACTIVATED,0
2026-03-06 05:07:25,89011703274306260391,TTRN,ACTIVATED,67833856
2026-03-06 05:07:29,89011703274306260409,ILMC,ACTIVATED,0
2026-03-06 05:07:32,89011703274306260417,ILRW,ACTIVATED,0
2026-03-06 05:07:36,89011703274306260433,TPRT,ACTIVATED,67141632
2026-03-06 05:07:39,89011703274306260441,CASO,ACTIVATED,0
2026-03-06 05:07:43,89011703274306260466,WIFA,ACTIVATED,67141632
2026-03-06 05:07:47,89011703274306260474,CAMC,ACTIVATED,16860552192
2026-03-06 05:07:50,89011703274306260482,NFGF,ACTIVATED,67166208
2026-03-06 05:07:54,89011703274306260490,TCRN,ACTIVATED,9259381760
2026-03-06 05:07:57,89011703274306260508,TSCB,ACTIVATED,9096192
2026-03-06 05:08:01,89011703274306260516,TUXB,ACTIVATED,0
2026-03-06 05:08:05,89011703274306260524,TBOW,ACTIVATED,37367808
2026-03-06 05:08:09,89011703274306260532,TRIT,INVENTORY,0
2026-03-06 05:08:13,89011703274306260540,GAFP,ACTIVATED,8892634112
2026-03-06 05:08:17,89011703274306260557,GAWA,ACTIVATED,73953280
2026-03-06 05:08:20,89011703274306260565,TTEC,ACTIVATED,0
2026-03-06 05:08:24,89011703274306260573,MSSL,ACTIVATED,67141632
2026-03-06 05:08:28,89011703274306260581,INIS,ACTIVATED,77009920
2026-03-06 05:08:32,89011703274306260599,INFT,ACTIVATED,77632512
2026-03-06 05:08:35,89011703274306260607,NFTY,ACTIVATED,74018816
2026-03-06 05:08:39,89011703274306260615,KYSL,ACTIVATED,67141632
2026-03-06 05:08:42,89011703274306260623,WAML,ACTIVATED,71339008
2026-03-06 05:08:46,89011703274306260631,MISW,ACTIVATED,70384640
2026-03-06 05:08:50,89011703274306260649,MITV,ACTIVATED,69239808
2026-03-06 05:08:53,89011703274306260664,MIGR,ACTIVATED,69239808
2026-03-06 05:08:57,89011703274306260672,KYLV,ACTIVATED,67415040
2026-03-06 05:09:00,89011703274306260680,MIWN,ACTIVATED,1806336
2026-03-06 05:09:04,89011703274306260698,FLML,ACTIVATED,0
2026-03-06 05:09:08,89011703274306260706,FLPD,ACTIVATED,0
2026-03-06 05:09:12,89011703274306260714,FLPV,ACTIVATED,0
2026-03-06 05:09:16,89011703274306260730,AZHV,ACTIVATED,66599936
2026-03-06 05:09:20,89011703274306260755,ORPL,ACTIVATED,8603648
2026-03-06 05:09:24,89011703274306260763,TXKN,ACTIVATED,68608
2026-03-06 05:09:27,89011703274306260771,MOWN,ACTIVATED,71439360
2026-03-06 05:09:31,89011703278777933097,CATY,ACTIVATED,9839614976
2026-03-06 05:09:35,89011703278778020142,ORWV,ACTIVATED,0
2026-03-06 05:09:38,89011703278778198195,CAAL,ACTIVATED,5132414976
2026-03-06 05:09:42,89011703274291052357,IVAL,ACTIVATED,2809710592
2026-03-06 05:09:45,89011702274315571912,ILLK,ACTIVATED,9813197824
2026-03-06 05:09:49,89011702274410155280,Macon Rover,ACTIVATED,44469248
2026-03-06 05:09:52,89011702274410155330,GAMA,ACTIVATED,8940914688
2026-03-06 05:09:56,89011702274410155348,GAMH,ACTIVATED,6085463040
2026-03-06 05:09:59,89011703274303620837,VALN,ACTIVATED,237092864
2026-03-06 05:10:03,89011703274303620878,VAAX,ACTIVATED,843512832
2026-03-06 05:10:07,89011702274410155355,GATC,ACTIVATED,66317312
2026-03-06 05:10:11,89011702274410155363,GAMS,ACTIVATED,65043456
2026-03-06 05:10:15,89011702274410155371,GADN,ACTIVATED,65341440
2026-03-06 05:10:19,89011702274410155389,GADV,ACTIVATED,88124416
2026-03-06 05:10:22,89011702274410156551,ILEF,ACTIVATED,6920450048
2026-03-06 05:10:26,89011702274410156577,IDJM,ACTIVATED,68199424
2026-03-06 05:10:30,89011702274410156890,GAWB,ACTIVATED,9650148352
2026-03-06 05:10:34,89011702274410156908,GAST,ACTIVATED,10684173312
2026-03-06 05:10:37,89011702274410157005,GAMO,ACTIVATED,0
2026-03-06 05:10:41,89011702274410157013,WATC,ACTIVATED,1565684736
2026-03-06 05:10:44,89011702274410157021,WAKN,ACTIVATED,9593680896
2026-03-06 05:10:48,89011702274410157039,WAMV,ACTIVATED,0
2026-03-06 05:10:52,89011702274410157047,WAWW,ACTIVATED,0
2026-03-06 05:10:55,89011702274410157054,WARL,ACTIVATED,0
2026-03-06 05:10:59,89011702274410157062,WAPC,ACTIVATED,3676010496
2026-03-06 05:11:02,89011702274410157070,WABU,ACTIVATED,0
2026-03-06 05:11:06,89011702274410157088,WABC,ACTIVATED,0
2026-03-06 05:11:10,89011702274410157096,CAVC,ACTIVATED,9381780480
2026-03-06 05:11:14,89011702274410157104,CASM,ACTIVATED,32768
2026-03-06 05:11:18,89011702274410157112,CARD,ACTIVATED,0
2026-03-06 05:11:22,89011702274410157120,CAMT,ACTIVATED,0
2026-03-06 05:11:26,89011702274410157138,CAAB,ACTIVATED,0
2026-03-06 05:11:29,89011702274410157146,ORKF,ACTIVATED,71337984
2026-03-06 05:11:33,89011702274410157153,ORBD,ACTIVATED,65043456
2026-03-06 05:11:36,89011702274410157161,ORMS,ACTIVATED,54552576
2026-03-06 05:11:40,89011702274410157179,WAYK,ACTIVATED,65043456
2026-03-06 05:11:43,89011702274410157187,WAWN,ACTIVATED,36360192
2026-03-06 05:11:47,89011702274410157195,MAX1,ACTIVATED,0
2026-03-06 05:11:51,89011702274410157203,NVRN,ACTIVATED,0
2026-03-06 05:11:54,89011702274410157211,STHE,ACTIVATED,0
2026-03-06 05:11:58,89011702274410157229,OREU,ACTIVATED,4899665920
2026-03-06 05:12:01,89011702274410157237,WASP,ACTIVATED,9822980096
2026-03-06 05:12:05,89011702274410157245,IDPY,ACTIVATED,0
2026-03-06 05:12:09,89011702274410157252,ORUG,ACTIVATED,71337984
2026-03-06 05:12:13,89011702274410157260,ORHG,ACTIVATED,98616320
2026-03-06 05:12:17,89011702274410157484,GATY,ACTIVATED,69239808
2026-03-06 05:12:20,89011703274044237362,ILDC,ACTIVATED,67141632
2026-03-06 05:12:24,89011703274044237396,IDGV,ACTIVATED,6895474688
2026-03-06 05:12:28,89011703274044237404,IDMH,ACTIVATED,3568845824
2026-03-06 05:12:32,89011703274044237420,PATS,ACTIVATED,69239808
2026-03-06 05:12:35,89011703274044237438,NHCD,ACTIVATED,9853926400
2026-03-06 05:12:39,89011703274044237446,ILCY,ACTIVATED,9216
2026-03-06 05:12:42,89011703274044237453,CARM,ACTIVATED,618232832
2026-03-06 05:12:46,89011703274044237511,TWFD,ACTIVATED,4579042304
2026-03-06 05:12:49,89011703274044237529,LABC,ACTIVATED,67141632
2026-03-06 05:12:53,89011703274044237537,TSHK,ACTIVATED,69239808
2026-03-06 05:12:56,89011703274044237685,ILBG,ACTIVATED,68911104
2026-03-06 05:13:00,89011703274044237701,ILKX,ACTIVATED,0
2026-03-06 05:13:04,89011703274044237719,TACN,ACTIVATED,6425163776
2026-03-06 05:13:07,89011703274044237735,TBRM,ACTIVATED,67141632
2026-03-06 05:13:11,89011703274044237743,TPKG,ACTIVATED,68751360
2026-03-06 11:15:57,89011703274044237750,MXMY,ACTIVATED,14336
2026-03-06 11:16:04,89011703274044237784,THMN,ACTIVATED,69059584
2026-03-06 11:16:08,89011703274044237792,TMIL,ACTIVATED,0
2026-03-07 05:00:18,89011703274044237909,MXSC,ACTIVATED,5808041984
2026-03-07 05:00:21,89011703274044237917,TAMR,ACTIVATED,73436160
2026-03-07 05:00:26,89011703274044237925,WADH,ACTIVATED,42700800
2026-03-07 05:00:29,89011703274044237933,KINC,ACTIVATED,73436160
2026-03-07 05:00:33,89011703274044237941,ILWA,ACTIVATED,48258048
2026-03-07 05:00:36,89011703274044237958,GAAV,ACTIVATED,73436160
2026-03-07 05:00:40,89011703274044802389,PACN,ACTIVATED,74616832
2026-03-07 05:00:43,89011703274044802413,PAFV,ACTIVATED,75534336
2026-03-07 05:00:47,89011703274044802421,INNW,ACTIVATED,0
2026-03-07 05:00:50,89011703274044802439,IDRY,ACTIVATED,907326464
2026-03-07 05:00:54,89011703274044802447,PAMG,ACTIVATED,81828864
2026-03-07 05:00:57,89011703274044802454,NJEH,ACTIVATED,0
2026-03-07 05:01:01,89011703274044803460,ILLV,ACTIVATED,71846912
2026-03-07 05:01:05,89011703274044803478,INKO,ACTIVATED,0
2026-03-07 05:01:09,89011703274044803486,INNP,ACTIVATED,73537536
2026-03-07 05:01:13,89011703274044803494,MECH,ACTIVATED,0
2026-03-07 05:01:17,89011703274044803502,INAV,ACTIVATED,70423552
2026-03-07 05:01:21,89011703274044803510,INMN,ACTIVATED,73436160
2026-03-07 05:01:25,89011703274044803536,INGD,ACTIVATED,0
2026-03-07 05:01:29,89011703274044803544,ININ,ACTIVATED,73436160
2026-03-07 05:01:32,89011703274044803569,INDM,ACTIVATED,75534336
2026-03-07 05:01:36,89011703274044803577,ILTP,ACTIVATED,73436160
2026-03-07 05:01:40,89011703274044803593,ILSN,ACTIVATED,88123392
2026-03-07 05:01:43,89011703274044803601,INCT,ACTIVATED,71337984
2026-03-07 05:01:47,89011703274044803619,ILRI,ACTIVATED,73436160
2026-03-07 05:01:50,89011703274044803627,ILVD,ACTIVATED,73723904
2026-03-07 05:01:54,89011703274044803635,MASP,ACTIVATED,73436160
2026-03-07 05:01:57,89011703274044803643,MDAN,ACTIVATED,74730496
2026-03-07 05:02:01,89011703274044803650,ILRC,ACTIVATED,74765312
2026-03-07 05:02:04,89011703274044803676,CTNH,ACTIVATED,73436160
2026-03-07 05:02:08,89011703274044803684,CTWT,ACTIVATED,70090752
2026-03-07 05:02:12,89011703274044803692,ILDK,ACTIVATED,0
2026-03-07 05:02:16,89011703274044803700,CTWF,ACTIVATED,75534336
2026-03-07 05:02:20,89011703274044803718,IDWR,ACTIVATED,71638016
2026-03-07 05:02:24,89011703274044803726,INWN,ACTIVATED,73436160
2026-03-07 05:02:30,89011703274044803742,IDBS,ACTIVATED,73428992
2026-03-07 05:02:33,89011703274044803759,IDSY,ACTIVATED,73566208
2026-03-07 05:02:36,89011703274044803767,ILDV,ACTIVATED,73436160
2026-03-07 05:02:40,89011703274044803775,ILDP,ACTIVATED,96517120
2026-03-07 05:02:43,89011703274044803783,CTOX,ACTIVATED,83926016
2026-03-07 05:02:47,89011703274044803791,CTHF,ACTIVATED,334626816
2026-03-07 05:02:50,89011703274044803809,ILCS,ACTIVATED,4055976960
2026-03-07 05:02:54,89011703274044803817,IDNP,ACTIVATED,75923456
2026-03-07 05:02:57,89011703274044803825,IDPR,ACTIVATED,0
2026-03-07 05:03:01,89011703274044803833,IDDK,ACTIVATED,10255952896
2026-03-07 05:03:05,89011703274044803841,IDAN,ACTIVATED,8275821568
2026-03-07 05:03:08,89011703274044803890,KSKC,ACTIVATED,71337984
2026-03-07 05:03:12,89011703274044803908,ILPN,ACTIVATED,0
2026-03-07 05:03:16,89011703274044803916,ILGB,ACTIVATED,66153472
2026-03-07 05:03:20,89011703274044803924,IDTN,ACTIVATED,0
2026-03-07 05:03:24,89011703274044803932,IDBR,ACTIVATED,0
2026-03-07 05:03:28,89011703274044803940,IDCW,ACTIVATED,0
2026-03-07 05:03:31,89011703274044803957,IDRT,ACTIVATED,75156480
2026-03-07 05:03:34,89011703274291052308,TAMW,ACTIVATED,0
2026-03-07 05:03:38,89011703274303619904,MUUR,ACTIVATED,89054208
2026-03-07 05:03:41,89011703274303620068,WYPD,ACTIVATED,68912128
2026-03-07 05:03:45,89011703274303620076,PACP,ACTIVATED,8981914624
2026-03-07 05:03:48,89011703274303620167,MABL,ACTIVATED,1713220608
2026-03-07 05:03:52,89011703274303620175,MAYP,ACTIVATED,94075904
2026-03-07 05:03:55,89011703274303620688,TNUM,ACTIVATED,92319744
2026-03-07 05:03:59,89011703274303620696,TPCB,ACTIVATED,4870309888
2026-03-07 05:04:03,89011703274303620738,PACK,ACTIVATED,0
2026-03-07 05:04:06,89011703274303620746,CAPE,ACTIVATED,11823942656
2026-03-07 05:04:10,89011703274303620753,FLWN,ACTIVATED,1882208256
2026-03-07 05:04:14,89011703274303620761,ORHN,ACTIVATED,0
2026-03-07 05:04:18,89011703274303620779,WASS,ACTIVATED,16923125760
2026-03-07 05:04:22,89011703274303620787,TSTT,ACTIVATED,0
2026-03-07 05:04:26,89011703274303620795,TMIV,ACTIVATED,9862576128
2026-03-07 05:04:29,89011703274303620803,TWNH,ACTIVATED,81827840
2026-03-07 05:04:33,89011703274303620811,TNOL,ACTIVATED,79703040
2026-03-07 05:04:36,89011703274303620829,TWSK,ACTIVATED,9402264576
2026-03-07 05:04:40,89011703274303620928,TXRN,ACTIVATED,72606720
2026-03-07 05:04:43,89011703274303620936,CARO,ACTIVATED,72971264
2026-03-07 05:04:47,89011703274303621009,FLBO,ACTIVATED,130048
2026-03-07 05:04:50,89011703274303621025,TGPH,ACTIVATED,72150016
2026-03-07 05:04:53,89011703274303621041,FLPM,ACTIVATED,0
2026-03-07 05:04:57,89011703274303621074,MASC,ACTIVATED,1904640
2026-03-07 05:05:00,89011703274303621082,TCLD,ACTIVATED,2202043392
2026-03-07 05:05:04,89011703274303621132,TDUN,ACTIVATED,2614545408
2026-03-07 05:05:08,89011703274303621140,CAPB,ACTIVATED,75534336
2026-03-07 05:05:12,89011703274303621199,IDSV,ACTIVATED,73412608
2026-03-07 05:05:16,89011703274303621223,PAHG,ACTIVATED,0
2026-03-07 05:05:20,89011703274303621231,FLVN,ACTIVATED,0
2026-03-07 05:05:24,89011703274303621272,BARR,ACTIVATED,72286208
2026-03-07 05:05:28,89011703274303621280,TWLT,ACTIVATED,4966819840
2026-03-07 05:05:31,89011703274303621314,TCTH,ACTIVATED,71337984
2026-03-07 05:05:35,89011703274303621322,FLTS,ACTIVATED,5214712832
2026-03-07 05:05:38,89011703274303621330,TXDS,ACTIVATED,0
2026-03-07 05:05:41,89011703274303621348,TXV1,ACTIVATED,0
2026-03-07 05:05:45,89011703274303621355,TXBD,ACTIVATED,30720
2026-03-07 05:05:48,89011703274303621363,TXAS,ACTIVATED,0
2026-03-07 05:05:52,89011703274303621371,TXSF,ACTIVATED,0
2026-03-07 05:05:55,89011703274306259302,PAUT,ACTIVATED,75534336
2026-03-07 05:05:59,89011703274306259310,PANW,ACTIVATED,79730688
2026-03-07 05:06:03,89011703274306259328,PAWD,ACTIVATED,0
2026-03-07 05:06:07,89011703274306259369,IDFH,ACTIVATED,75442176
2026-03-07 05:06:11,89011703274306259377,PAAN,ACTIVATED,0
2026-03-07 05:06:14,89011703274306259427,SCOTT_TEST,ACTIVATED,0
2026-03-07 05:06:18,89011703274306259435,ILOT,ACTIVATED,72786944
2026-03-07 05:06:22,89011703274306259443,PABV,ACTIVATED,73436160
2026-03-07 05:06:26,89011703274306259450,MAWO,ACTIVATED,73436160
2026-03-07 05:06:30,89011703274306259468,OSHA,ACTIVATED,3676000256
2026-03-07 05:06:33,89011703274306260284,NEP5,ACTIVATED,0
2026-03-07 05:06:36,89011703274306260292,EAS5,INVENTORY,0
2026-03-07 05:06:40,89011703274306260300,IAIN,ACTIVATED,94417920
2026-03-07 05:06:43,89011703274306260326,TCRL,ACTIVATED,0
2026-03-07 05:06:47,89011703274306260334,TESX,ACTIVATED,11593500672
2026-03-07 05:06:50,89011703274306260342,TMRL,ACTIVATED,78821376
2026-03-07 05:06:54,89011703274306260359,TCHT,ACTIVATED,0
2026-03-07 05:06:57,89011703274306260367,TLMG,ACTIVATED,0
2026-03-07 05:07:01,89011703274306260375,THAR,ACTIVATED,0
2026-03-07 05:07:05,89011703274306260391,TTRN,ACTIVATED,72030208
2026-03-07 05:07:08,89011703274306260409,ILMC,ACTIVATED,0
2026-03-07 05:07:12,89011703274306260417,ILRW,ACTIVATED,0
2026-03-07 05:07:16,89011703274306260433,TPRT,ACTIVATED,71337984
2026-03-07 05:07:20,89011703274306260441,CASO,ACTIVATED,0
2026-03-07 05:07:24,89011703274306260466,WIFA,ACTIVATED,73436160
2026-03-07 05:07:28,89011703274306260474,CAMC,ACTIVATED,17966410752
2026-03-07 05:07:31,89011703274306260482,NFGF,ACTIVATED,71362560
2026-03-07 05:07:35,89011703274306260490,TCRN,ACTIVATED,9922467840
2026-03-07 05:07:38,89011703274306260508,TSCB,ACTIVATED,9096192
2026-03-07 05:07:42,89011703274306260516,TUXB,ACTIVATED,0
2026-03-07 05:07:45,89011703274306260524,TBOW,ACTIVATED,39465984
2026-03-07 05:07:48,89011703274306260532,TRIT,INVENTORY,0
2026-03-07 05:07:52,89011703274306260540,GAFP,ACTIVATED,9400427520
2026-03-07 05:07:55,89011703274306260557,GAWA,ACTIVATED,78149632
2026-03-07 05:07:59,89011703274306260565,TTEC,ACTIVATED,0
2026-03-07 05:08:03,89011703274306260573,MSSL,ACTIVATED,71337984
2026-03-07 05:08:06,89011703274306260581,INIS,ACTIVATED,77009920
2026-03-07 05:08:10,89011703274306260599,INFT,ACTIVATED,81828864
2026-03-07 05:08:14,89011703274306260607,NFTY,ACTIVATED,78215168
2026-03-07 05:08:18,89011703274306260615,KYSL,ACTIVATED,73436160
2026-03-07 05:08:22,89011703274306260623,WAML,ACTIVATED,75966464
2026-03-07 05:08:26,89011703274306260631,MISW,ACTIVATED,74580992
2026-03-07 05:08:29,89011703274306260649,MITV,ACTIVATED,73436160
2026-03-07 05:08:33,89011703274306260664,MIGR,ACTIVATED,73436160
2026-03-07 05:08:36,89011703274306260672,KYLV,ACTIVATED,71611392
2026-03-07 05:08:40,89011703274306260680,MIWN,ACTIVATED,1806336
2026-03-07 05:08:43,89011703274306260698,FLML,ACTIVATED,0
2026-03-07 05:08:47,89011703274306260706,FLPD,ACTIVATED,0
2026-03-07 05:08:50,89011703274306260714,FLPV,ACTIVATED,0
2026-03-07 05:08:53,89011703274306260730,AZHV,ACTIVATED,72040448
2026-03-07 05:08:57,89011703274306260755,ORPL,ACTIVATED,8603648
2026-03-07 05:09:00,89011703274306260763,TXKN,ACTIVATED,68608
2026-03-07 05:09:04,89011703274306260771,MOWN,ACTIVATED,75635712
2026-03-07 05:09:08,89011703278777933097,CATY,ACTIVATED,10475414528
2026-03-07 05:09:12,89011703278778020142,ORWV,ACTIVATED,0
2026-03-07 05:09:16,89011703278778198195,CAAL,ACTIVATED,5138709504
2026-03-07 05:09:20,89011703274291052357,IVAL,ACTIVATED,3000662016
2026-03-07 05:09:24,89011702274315571912,ILLK,ACTIVATED,10442713088
2026-03-07 05:09:27,89011702274410155280,Macon Rover,ACTIVATED,46567424
2026-03-07 05:09:31,89011702274410155330,GAMA,ACTIVATED,9669044224
2026-03-07 05:09:34,89011702274410155348,GAMH,ACTIVATED,6891234304
2026-03-07 05:09:38,89011703274303620837,VALN,ACTIVATED,241289216
2026-03-07 05:09:41,89011703274303620878,VAAX,ACTIVATED,1372289024
2026-03-07 05:09:45,89011702274410155355,GATC,ACTIVATED,70513664
2026-03-07 05:09:48,89011702274410155363,GAMS,ACTIVATED,69239808
2026-03-07 05:09:52,89011702274410155371,GADN,ACTIVATED,71635968
2026-03-07 05:09:55,89011702274410155389,GADV,ACTIVATED,92320768
2026-03-07 05:09:59,89011702274410156551,ILEF,ACTIVATED,7850018816
2026-03-07 05:10:02,89011702274410156577,IDJM,ACTIVATED,72395776
2026-03-07 05:10:07,89011702274410156890,GAWB,ACTIVATED,10353087488
2026-03-07 05:10:10,89011702274410156908,GAST,ACTIVATED,11515128832
2026-03-07 05:10:14,89011702274410157005,GAMO,ACTIVATED,0
2026-03-07 05:10:18,89011702274410157013,WATC,ACTIVATED,1726289920
2026-03-07 05:10:22,89011702274410157021,WAKN,ACTIVATED,10216891392
2026-03-07 05:10:26,89011702274410157039,WAMV,ACTIVATED,0
2026-03-07 05:10:30,89011702274410157047,WAWW,ACTIVATED,0
2026-03-07 05:10:33,89011702274410157054,WARL,ACTIVATED,0
2026-03-07 05:10:37,89011702274410157062,WAPC,ACTIVATED,3676010496
2026-03-07 05:10:40,89011702274410157070,WABU,ACTIVATED,0
2026-03-07 05:10:44,89011702274410157088,WABC,ACTIVATED,0
2026-03-07 05:10:47,89011702274410157096,CAVC,ACTIVATED,9986110464
2026-03-07 05:10:51,89011702274410157104,CASM,ACTIVATED,34816
2026-03-07 05:10:54,89011702274410157112,CARD,ACTIVATED,0
2026-03-07 05:10:58,89011702274410157120,CAMT,ACTIVATED,0
2026-03-07 05:11:02,89011702274410157138,CAAB,ACTIVATED,0
2026-03-07 05:11:05,89011702274410157146,ORKF,ACTIVATED,75534336
2026-03-07 05:11:09,89011702274410157153,ORBD,ACTIVATED,73436160
2026-03-07 05:11:13,89011702274410157161,ORMS,ACTIVATED,58748928
2026-03-07 05:11:17,89011702274410157179,WAYK,ACTIVATED,73436160
2026-03-07 05:11:21,89011702274410157187,WAWN,ACTIVATED,36360192
2026-03-07 05:11:24,89011702274410157195,MAX1,ACTIVATED,0
2026-03-07 05:11:28,89011702274410157203,NVRN,ACTIVATED,0
2026-03-07 05:11:32,89011702274410157211,STHE,ACTIVATED,0
2026-03-07 05:11:35,89011702274410157229,OREU,ACTIVATED,5531272192
2026-03-07 05:11:38,89011702274410157237,WASP,ACTIVATED,10408421376
2026-03-07 05:11:42,89011702274410157245,IDPY,ACTIVATED,0
2026-03-07 05:11:45,89011702274410157252,ORUG,ACTIVATED,73436160
2026-03-07 05:11:49,89011702274410157260,ORHG,ACTIVATED,100714496
2026-03-07 05:11:52,89011702274410157484,GATY,ACTIVATED,73436160
2026-03-07 05:11:56,89011703274044237362,ILDC,ACTIVATED,71337984
2026-03-07 05:11:59,89011703274044237396,IDGV,ACTIVATED,7451522048
2026-03-07 05:12:03,89011703274044237404,IDMH,ACTIVATED,3837417472
2026-03-07 05:12:07,89011703274044237420,PATS,ACTIVATED,73436160
2026-03-07 05:12:11,89011703274044237438,NHCD,ACTIVATED,10485533696
2026-03-07 05:12:14,89011703274044237446,ILCY,ACTIVATED,10240
2026-03-07 05:12:18,89011703274044237453,CARM,ACTIVATED,1587682304
2026-03-07 05:12:22,89011703274044237511,TWFD,ACTIVATED,5200151552
2026-03-07 05:12:26,89011703274044237529,LABC,ACTIVATED,71337984
2026-03-07 05:12:30,89011703274044237537,TSHK,ACTIVATED,73436160
2026-03-07 05:12:33,89011703274044237685,ILBG,ACTIVATED,73107456
2026-03-07 05:12:36,89011703274044237701,ILKX,ACTIVATED,0
2026-03-07 05:12:40,89011703274044237719,TACN,ACTIVATED,7105036288
2026-03-07 05:12:43,89011703274044237735,TBRM,ACTIVATED,73436160
2026-03-07 05:12:47,89011703274044237743,TPKG,ACTIVATED,72947712
2026-03-07 05:12:50,89011703274044237750,MXMY,ACTIVATED,14336
2026-03-07 05:12:54,89011703274044237784,THMN,ACTIVATED,71157760
2026-03-07 05:12:57,89011703274044237792,TMIL,ACTIVATED,0
2026-03-07 08:28:46,89011702274410156635,INCF,ACTIVATED,48258048
2026-03-07 11:04:10,89011703274044237800,GAJS,ACTIVATED,73436160
2026-03-07 11:04:14,89011703274044237818,QCB0,ACTIVATED,71288832
2026-03-07 11:04:17,89011703274044237826,INBG,ACTIVATED,4582822912
2026-03-07 11:24:20,89011703274303620860,VACH,ACTIVATED,20981760
2026-03-07 11:24:27,89011703274303620902,CODV,ACTIVATED,22528
2026-03-08 05:00:18,89011703274044237933,KINC,ACTIVATED,77632512
2026-03-08 05:00:22,89011703274044237941,ILWA,ACTIVATED,50356224
2026-03-08 05:00:26,89011703274044237958,GAAV,ACTIVATED,77632512
2026-03-08 05:00:30,89011703274044802389,PACN,ACTIVATED,77863936
2026-03-08 05:00:33,89011703274044802413,PAFV,ACTIVATED,79730688
2026-03-08 05:00:37,89011703274044802421,INNW,ACTIVATED,0
2026-03-08 05:00:40,89011703274044802439,IDRY,ACTIVATED,910560256
2026-03-08 05:00:44,89011703274044802447,PAMG,ACTIVATED,88123392
2026-03-08 05:00:47,89011703274044802454,NJEH,ACTIVATED,0
2026-03-08 05:00:51,89011703274044803460,ILLV,ACTIVATED,76043264
2026-03-08 05:00:54,89011703274044803478,INKO,ACTIVATED,0
2026-03-08 05:00:58,89011703274044803486,INNP,ACTIVATED,77578240
2026-03-08 05:01:02,89011703274044803494,MECH,ACTIVATED,0
2026-03-08 05:01:05,89011703274044803502,INAV,ACTIVATED,74619904
2026-03-08 05:01:09,89011703274044803510,INMN,ACTIVATED,77632512
2026-03-08 05:01:13,89011703274044803536,INGD,ACTIVATED,0
2026-03-08 05:01:17,89011703274044803544,ININ,ACTIVATED,77632512
2026-03-08 05:01:21,89011703274044803569,INDM,ACTIVATED,79730688
2026-03-08 05:01:25,89011703274044803577,ILTP,ACTIVATED,77632512
2026-03-08 05:01:28,89011703274044803593,ILSN,ACTIVATED,94417920
2026-03-08 05:01:32,89011703274044803601,INCT,ACTIVATED,77632512
2026-03-08 05:01:35,89011703274044803619,ILRI,ACTIVATED,77632512
2026-03-08 05:01:39,89011703274044803627,ILVD,ACTIVATED,77920256
2026-03-08 05:01:42,89011703274044803635,MASP,ACTIVATED,77632512
2026-03-08 05:01:46,89011703274044803643,MDAN,ACTIVATED,78926848
2026-03-08 05:01:49,89011703274044803650,ILRC,ACTIVATED,78961664
2026-03-08 05:01:53,89011703274044803676,CTNH,ACTIVATED,77632512
2026-03-08 05:01:56,89011703274044803684,CTWT,ACTIVATED,74287104
2026-03-08 05:02:00,89011703274044803692,ILDK,ACTIVATED,0
2026-03-08 05:02:04,89011703274044803700,CTWF,ACTIVATED,79730688
2026-03-08 05:02:08,89011703274044803718,IDWR,ACTIVATED,75834368
2026-03-08 05:02:11,89011703274044803726,INWN,ACTIVATED,77632512
2026-03-08 05:02:15,89011703274044803742,IDBS,ACTIVATED,77625344
2026-03-08 05:02:19,89011703274044803759,IDSY,ACTIVATED,77762560
2026-03-08 05:02:23,89011703274044803767,ILDV,ACTIVATED,77632512
2026-03-08 05:02:27,89011703274044803775,ILDP,ACTIVATED,100713472
2026-03-08 05:02:30,89011703274044803783,CTOX,ACTIVATED,88122368
2026-03-08 05:02:34,89011703274044803791,CTHF,ACTIVATED,340921344
2026-03-08 05:02:37,89011703274044803809,ILCS,ACTIVATED,4305678336
2026-03-08 05:02:41,89011703274044803817,IDNP,ACTIVATED,80119808
2026-03-08 05:02:44,89011703274044803825,IDPR,ACTIVATED,0
2026-03-08 05:02:48,89011703274044803833,IDDK,ACTIVATED,10856085504
2026-03-08 05:02:51,89011703274044803841,IDAN,ACTIVATED,9054314496
2026-03-08 05:02:55,89011703274044803890,KSKC,ACTIVATED,75534336
2026-03-08 05:02:58,89011703274044803908,ILPN,ACTIVATED,0
2026-03-08 05:03:02,89011703274044803916,ILGB,ACTIVATED,70349824
2026-03-08 05:03:05,89011703274044803924,IDTN,ACTIVATED,0
2026-03-08 05:03:09,89011703274044803932,IDBR,ACTIVATED,0
2026-03-08 05:03:13,89011703274044803940,IDCW,ACTIVATED,0
2026-03-08 05:03:17,89011703274044803957,IDRT,ACTIVATED,81451008
2026-03-08 05:03:21,89011703274291052308,TAMW,ACTIVATED,0
2026-03-08 05:03:25,89011703274303619904,MUUR,ACTIVATED,93250560
2026-03-08 05:03:28,89011703274303620068,WYPD,ACTIVATED,73108480
2026-03-08 05:03:31,89011703274303620076,PACP,ACTIVATED,9521170432
2026-03-08 05:03:35,89011703274303620167,MABL,ACTIVATED,1792955392
2026-03-08 05:03:38,89011703274303620175,MAYP,ACTIVATED,98272256
2026-03-08 05:03:42,89011703274303620688,TNUM,ACTIVATED,96516096
2026-03-08 05:03:45,89011703274303620696,TPCB,ACTIVATED,5168280576
2026-03-08 05:03:49,89011703274303620738,PACK,ACTIVATED,0
2026-03-08 05:03:52,89011703274303620746,CAPE,ACTIVATED,12545766400
2026-03-08 05:03:56,89011703274303620753,FLWN,ACTIVATED,2012301312
2026-03-08 05:03:59,89011703274303620761,ORHN,ACTIVATED,0
2026-03-08 05:04:03,89011703274303620779,WASS,ACTIVATED,17953430528
2026-03-08 05:04:07,89011703274303620787,TSTT,ACTIVATED,0
2026-03-08 05:04:10,89011703274303620795,TMIV,ACTIVATED,10500476928
2026-03-08 05:04:14,89011703274303620803,TWNH,ACTIVATED,88122368
2026-03-08 05:04:18,89011703274303620811,TNOL,ACTIVATED,83899392
2026-03-08 05:04:22,89011703274303620829,TWSK,ACTIVATED,9408559104
2026-03-08 05:04:26,89011703274303620928,TXRN,ACTIVATED,76803072
2026-03-08 05:04:29,89011703274303620936,CARO,ACTIVATED,77167616
2026-03-08 05:04:33,89011703274303621009,FLBO,ACTIVATED,130048
2026-03-08 05:04:36,89011703274303621025,TGPH,ACTIVATED,76346368
2026-03-08 05:04:40,89011703274303621041,FLPM,ACTIVATED,0
2026-03-08 05:04:43,89011703274303621074,MASC,ACTIVATED,1904640
2026-03-08 05:04:47,89011703274303621082,TCLD,ACTIVATED,2206239744
2026-03-08 05:04:50,89011703274303621132,TDUN,ACTIVATED,2620839936
2026-03-08 05:04:53,89011703274303621140,CAPB,ACTIVATED,79730688
2026-03-08 05:04:57,89011703274303621199,IDSV,ACTIVATED,77608960
2026-03-08 05:05:00,89011703274303621223,PAHG,ACTIVATED,0
2026-03-08 05:05:04,89011703274303621231,FLVN,ACTIVATED,0
2026-03-08 05:05:09,89011703274303621272,BARR,ACTIVATED,76482560
2026-03-08 05:05:12,89011703274303621280,TWLT,ACTIVATED,5271087104
2026-03-08 05:05:16,89011703274303621314,TCTH,ACTIVATED,75534336
2026-03-08 05:05:20,89011703274303621322,FLTS,ACTIVATED,5218909184
2026-03-08 05:05:24,89011703274303621330,TXDS,ACTIVATED,0
2026-03-08 05:05:28,89011703274303621348,TXV1,ACTIVATED,0
2026-03-08 05:05:31,89011703274303621355,TXBD,ACTIVATED,30720
2026-03-08 05:05:35,89011703274303621363,TXAS,ACTIVATED,0
2026-03-08 05:05:38,89011703274303621371,TXSF,ACTIVATED,0
2026-03-08 05:05:42,89011703274306259302,PAUT,ACTIVATED,79730688
2026-03-08 05:05:45,89011703274306259310,PANW,ACTIVATED,83927040
2026-03-08 05:05:49,89011703274306259328,PAWD,ACTIVATED,0
2026-03-08 05:05:52,89011703274306259369,IDFH,ACTIVATED,81736704
2026-03-08 05:05:55,89011703274306259377,PAAN,ACTIVATED,0
2026-03-08 05:05:59,89011703274306259427,SCOTT_TEST,ACTIVATED,0
2026-03-08 05:06:03,89011703274306259435,ILOT,ACTIVATED,76983296
2026-03-08 05:06:06,89011703274306259443,PABV,ACTIVATED,79730688
2026-03-08 05:06:10,89011703274306259450,MAWO,ACTIVATED,77632512
2026-03-08 05:06:14,89011703274306259468,OSHA,ACTIVATED,3680196608
2026-03-08 05:06:18,89011703274306260284,NEP5,ACTIVATED,0
2026-03-08 05:06:22,89011703274306260292,EAS5,INVENTORY,0
2026-03-08 05:06:26,89011703274306260300,IAIN,ACTIVATED,100713472
2026-03-08 05:06:29,89011703274306260326,TCRL,ACTIVATED,0
2026-03-08 05:06:33,89011703274306260334,TESX,ACTIVATED,12300213248
2026-03-08 05:06:36,89011703274306260342,TMRL,ACTIVATED,83017728
2026-03-08 05:06:40,89011703274306260359,TCHT,ACTIVATED,0
2026-03-08 05:06:43,89011703274306260367,TLMG,ACTIVATED,0
2026-03-08 05:06:47,89011703274306260375,THAR,ACTIVATED,0
2026-03-08 05:06:50,89011703274306260391,TTRN,ACTIVATED,76226560
2026-03-08 05:06:54,89011703274306260409,ILMC,ACTIVATED,0
2026-03-08 05:06:57,89011703274306260417,ILRW,ACTIVATED,0
2026-03-08 05:07:00,89011703274306260433,TPRT,ACTIVATED,75534336
2026-03-08 05:07:04,89011703274306260441,CASO,ACTIVATED,0
2026-03-08 05:07:08,89011703274306260466,WIFA,ACTIVATED,77632512
2026-03-08 05:07:12,89011703274306260474,CAMC,ACTIVATED,19070152704
2026-03-08 05:07:16,89011703274306260482,NFGF,ACTIVATED,75558912
2026-03-08 05:07:20,89011703274306260490,TCRN,ACTIVATED,10612827136
2026-03-08 05:07:24,89011703274306260508,TSCB,ACTIVATED,9096192
2026-03-08 05:07:27,89011703274306260516,TUXB,ACTIVATED,0
2026-03-08 05:07:31,89011703274306260524,TBOW,ACTIVATED,41564160
2026-03-08 05:07:34,89011703274306260532,TRIT,INVENTORY,0
2026-03-08 05:07:38,89011703274306260540,GAFP,ACTIVATED,9922891776
2026-03-08 05:07:41,89011703274306260557,GAWA,ACTIVATED,82345984
2026-03-08 05:07:45,89011703274306260565,TTEC,ACTIVATED,0
2026-03-08 05:07:48,89011703274306260573,MSSL,ACTIVATED,75534336
2026-03-08 05:07:52,89011703274306260581,INIS,ACTIVATED,77009920
2026-03-08 05:07:55,89011703274306260599,INFT,ACTIVATED,88123392
2026-03-08 05:07:59,89011703274306260607,NFTY,ACTIVATED,84509696
2026-03-08 05:08:02,89011703274306260615,KYSL,ACTIVATED,77632512
2026-03-08 05:08:06,89011703274306260623,WAML,ACTIVATED,75966464
2026-03-08 05:08:10,89011703274306260631,MISW,ACTIVATED,78777344
2026-03-08 05:08:14,89011703274306260649,MITV,ACTIVATED,77632512
2026-03-08 05:08:18,89011703274306260664,MIGR,ACTIVATED,77632512
2026-03-08 05:08:22,89011703274306260672,KYLV,ACTIVATED,75807744
2026-03-08 05:08:25,89011703274306260680,MIWN,ACTIVATED,1806336
2026-03-08 05:08:29,89011703274306260698,FLML,ACTIVATED,0
2026-03-08 05:08:32,89011703274306260706,FLPD,ACTIVATED,0
2026-03-08 05:08:36,89011703274306260714,FLPV,ACTIVATED,0
2026-03-08 05:08:39,89011703274306260730,AZHV,ACTIVATED,74469376
2026-03-08 05:08:43,89011703274306260755,ORPL,ACTIVATED,8603648
2026-03-08 05:08:46,89011703274306260763,TXKN,ACTIVATED,68608
2026-03-08 05:08:50,89011703274306260771,MOWN,ACTIVATED,81930240
2026-03-08 05:08:53,89011703278777933097,CATY,ACTIVATED,11092493312
2026-03-08 05:08:57,89011703278778020142,ORWV,ACTIVATED,0
2026-03-08 05:09:00,89011703278778198195,CAAL,ACTIVATED,5142905856
2026-03-08 05:09:04,89011703274291052357,IVAL,ACTIVATED,3191611392
2026-03-08 05:09:08,89011702274315571912,ILLK,ACTIVATED,11053348864
2026-03-08 05:09:12,89011702274410155280,Macon Rover,ACTIVATED,50763776
2026-03-08 05:09:16,89011702274410155330,GAMA,ACTIVATED,10074020864
2026-03-08 05:09:19,89011702274410155348,GAMH,ACTIVATED,7338189824
2026-03-08 05:09:23,89011703274303620837,VALN,ACTIVATED,245485568
2026-03-08 05:09:27,89011703274303620878,VAAX,ACTIVATED,1647158272
2026-03-08 05:09:30,89011702274410155355,GATC,ACTIVATED,74710016
2026-03-08 05:09:34,89011702274410155363,GAMS,ACTIVATED,73436160
2026-03-08 05:09:37,89011702274410155371,GADN,ACTIVATED,75832320
2026-03-08 05:09:41,89011702274410155389,GADV,ACTIVATED,96517120
2026-03-08 05:09:44,89011702274410156551,ILEF,ACTIVATED,8343147520
2026-03-08 05:09:48,89011702274410156577,IDJM,ACTIVATED,78690304
2026-03-08 05:09:51,89011702274410156890,GAWB,ACTIVATED,11067289600
2026-03-08 05:09:55,89011702274410156908,GAST,ACTIVATED,12364969984
2026-03-08 05:09:58,89011702274410157005,GAMO,ACTIVATED,0
2026-03-08 05:10:02,89011702274410157013,WATC,ACTIVATED,1774550016
2026-03-08 05:10:06,89011702274410157021,WAKN,ACTIVATED,10751972352
2026-03-08 05:10:10,89011702274410157039,WAMV,ACTIVATED,4196352
2026-03-08 05:10:14,89011702274410157047,WAWW,ACTIVATED,0
2026-03-08 05:10:18,89011702274410157054,WARL,ACTIVATED,0
2026-03-08 05:10:22,89011702274410157062,WAPC,ACTIVATED,3676010496
2026-03-08 05:10:26,89011702274410157070,WABU,ACTIVATED,0
2026-03-08 05:10:29,89011702274410157088,WABC,ACTIVATED,0
2026-03-08 05:10:33,89011702274410157096,CAVC,ACTIVATED,10313459712
2026-03-08 05:10:36,89011702274410157104,CASM,ACTIVATED,36864
2026-03-08 05:10:40,89011702274410157112,CARD,ACTIVATED,0
2026-03-08 05:10:43,89011702274410157120,CAMT,ACTIVATED,0
2026-03-08 05:10:47,89011702274410157138,CAAB,ACTIVATED,0
2026-03-08 05:10:50,89011702274410157146,ORKF,ACTIVATED,81828864
2026-03-08 05:10:54,89011702274410157153,ORBD,ACTIVATED,75534336
2026-03-08 05:10:57,89011702274410157161,ORMS,ACTIVATED,62945280
2026-03-08 05:11:01,89011702274410157179,WAYK,ACTIVATED,75534336
2026-03-08 05:11:05,89011702274410157187,WAWN,ACTIVATED,36360192
2026-03-08 05:11:09,89011702274410157195,MAX1,ACTIVATED,0
2026-03-08 05:11:13,89011702274410157203,NVRN,ACTIVATED,0
2026-03-08 05:11:16,89011702274410157211,STHE,ACTIVATED,0
2026-03-08 05:11:20,89011702274410157229,OREU,ACTIVATED,5887992832
2026-03-08 05:11:24,89011702274410157237,WASP,ACTIVATED,11067313152
2026-03-08 05:11:28,89011702274410157245,IDPY,ACTIVATED,0
2026-03-08 05:11:31,89011702274410157252,ORUG,ACTIVATED,77632512
2026-03-08 05:11:35,89011702274410157260,ORHG,ACTIVATED,104910848
2026-03-08 05:11:38,89011702274410157484,GATY,ACTIVATED,77632512
2026-03-08 05:11:42,89011703274044237362,ILDC,ACTIVATED,176252928
2026-03-08 05:11:45,89011703274044237396,IDGV,ACTIVATED,7736891392
2026-03-08 05:11:49,89011703274044237404,IDMH,ACTIVATED,3986394112
2026-03-08 05:11:52,89011703274044237420,PATS,ACTIVATED,77632512
2026-03-08 05:11:56,89011703274044237438,NHCD,ACTIVATED,11085669376
2026-03-08 05:11:59,89011703274044237446,ILCY,ACTIVATED,12288
2026-03-08 05:12:03,89011703274044237453,CARM,ACTIVATED,2521467904
2026-03-08 05:12:07,89011703274044237511,TWFD,ACTIVATED,5544276992
2026-03-08 05:12:10,89011703274044237529,LABC,ACTIVATED,75534336
2026-03-08 05:12:14,89011703274044237537,TSHK,ACTIVATED,77632512
2026-03-08 05:12:18,89011703274044237685,ILBG,ACTIVATED,77303808
2026-03-08 05:12:22,89011703274044237701,ILKX,ACTIVATED,0
2026-03-08 05:12:26,89011703274044237719,TACN,ACTIVATED,7455464448
2026-03-08 05:12:29,89011703274044237735,TBRM,ACTIVATED,77632512
2026-03-08 05:12:33,89011703274044237743,TPKG,ACTIVATED,77144064
2026-03-08 05:12:36,89011703274044237750,MXMY,ACTIVATED,15360
2026-03-08 05:12:40,89011703274044237784,THMN,ACTIVATED,77452288
2026-03-08 05:12:43,89011703274044237792,TMIL,ACTIVATED,0
2026-03-08 05:12:47,89011702274410156635,INCF,ACTIVATED,52454400
2026-03-08 05:12:50,89011703274044237800,GAJS,ACTIVATED,75534336
2026-03-08 05:12:54,89011703274044237818,QCB0,ACTIVATED,75485184
2026-03-08 05:12:57,89011703274044237826,INBG,ACTIVATED,4587019264
2026-03-08 05:13:00,89011703274303620860,VACH,ACTIVATED,23079936
2026-03-08 05:13:04,89011703274303620902,CODV,ACTIVATED,22528
2026-03-08 10:51:11,89011703274044237834,LAMN,ACTIVATED,5722039296
2026-03-08 10:51:16,89011703274044237859,TBRA,ACTIVATED,77161472
2026-03-08 10:51:21,89011703274044237875,MXCA,ACTIVATED,77388800
